Date ,series ,OPEN ,HIGH ,LOW ,PREV. CLOSE ,ltp ,close ,vwap ,52W H ,52W L ,VOLUME ,VALUE ,No of trades 
30-Dec-2022,EQ,30.8,31.45,30.4,29.8,30.7,30.6,30.87,36.25,15.0,"3,21,66,015","99,29,84,452.80","29,369"
29-Dec-2022,EQ,29.8,30.5,29.5,30.0,29.95,29.8,29.97,36.25,15.0,"3,62,08,756","1,08,52,63,186.45","32,702"
28-Dec-2022,EQ,31.25,31.6,29.55,31.2,29.95,30.0,30.74,36.25,15.0,"6,96,08,835","2,13,99,33,691.95","58,701"
27-Dec-2022,EQ,30.45,31.55,29.5,29.4,31.4,31.2,30.59,36.25,15.0,"8,30,86,560","2,54,15,70,900.85","76,120"
26-Dec-2022,EQ,26.1,30.0,25.5,26.1,30.0,29.4,28.2,36.25,15.0,"12,69,51,806","3,57,95,42,908.90","87,532"
23-Dec-2022,EQ,28.4,28.65,25.35,28.85,26.55,26.1,26.84,36.25,15.0,"8,85,46,213","2,37,61,98,529.65","64,859"
22-Dec-2022,EQ,31.4,31.85,28.5,29.95,29.1,28.85,29.48,36.25,15.0,"9,17,82,979","2,70,59,41,135.95","75,791"
21-Dec-2022,EQ,33.2,34.4,29.15,32.9,30.25,29.95,32.5,36.25,15.0,"12,25,67,137","3,98,38,82,136.90","1,01,440"
20-Dec-2022,EQ,33.85,34.0,32.15,33.7,32.75,32.9,32.88,36.25,15.0,"5,04,40,716","1,65,84,08,047.95","45,707"
19-Dec-2022,EQ,32.8,34.25,32.4,32.35,33.9,33.7,33.41,36.25,15.0,"8,40,07,974","2,80,63,51,230.90","78,221"
16-Dec-2022,EQ,34.15,35.15,32.05,34.35,32.5,32.35,33.47,36.25,15.0,"9,91,24,045","3,31,79,59,662.10","94,850"
15-Dec-2022,EQ,34.1,36.25,33.6,34.1,34.15,34.35,35.09,36.25,15.0,"15,25,86,124","5,35,45,48,872.10","1,44,471"
14-Dec-2022,EQ,33.05,36.2,32.5,32.65,33.95,34.1,34.55,36.2,15.0,"25,25,68,209","8,72,56,08,631.55","2,28,159"
13-Dec-2022,EQ,29.9,33.6,29.55,29.55,32.6,32.65,31.8,33.6,15.0,"16,24,52,666","5,16,56,64,477.80","1,27,193"
12-Dec-2022,EQ,28.6,29.8,27.9,28.65,29.8,29.55,29.01,31.4,15.0,"3,58,07,886","1,03,86,16,571.50","35,732"
09-Dec-2022,EQ,30.5,31.4,27.2,30.05,28.6,28.65,29.66,31.4,15.0,"8,21,66,735","2,43,71,29,715.05","72,198"
08-Dec-2022,EQ,29.2,30.45,28.65,28.85,30.2,30.05,29.62,30.45,15.0,"6,05,26,042","1,79,30,81,632.20","46,883"
07-Dec-2022,EQ,28.45,29.6,28.35,28.45,28.9,28.85,28.98,30.05,15.0,"5,00,63,640","1,45,09,96,377.95","40,021"
06-Dec-2022,EQ,27.65,28.95,27.5,27.65,28.4,28.45,28.33,30.05,15.0,"4,52,99,736","1,28,35,37,308.60","38,778"
05-Dec-2022,EQ,27.5,27.85,27.0,27.35,27.8,27.65,27.45,30.05,15.0,"1,52,76,414","41,92,81,375.30","14,835"
02-Dec-2022,EQ,27.45,28.0,27.05,27.1,27.3,27.35,27.48,30.05,15.0,"2,40,37,754","66,04,68,772.80","23,265"
01-Dec-2022,EQ,26.55,27.6,25.8,26.45,27.6,27.1,26.5,30.05,15.0,"2,78,11,928","73,71,00,905.50","24,333"
30-Nov-2022,EQ,26.95,27.45,26.25,26.85,26.5,26.45,26.82,30.05,15.0,"1,58,45,528","42,50,08,171.65","17,570"
29-Nov-2022,EQ,27.5,27.75,26.7,27.3,26.85,26.85,27.1,30.05,15.0,"1,99,00,823","53,92,67,968.25","20,035"
28-Nov-2022,EQ,27.6,28.1,27.0,27.45,27.3,27.3,27.43,30.05,15.0,"2,22,68,756","61,08,29,184.00","23,289"
25-Nov-2022,EQ,27.45,28.25,27.1,27.3,27.5,27.45,27.73,30.05,15.0,"4,11,90,200","1,14,23,88,810.60","38,225"
24-Nov-2022,EQ,27.45,28.25,27.0,27.2,27.25,27.3,27.65,30.05,15.0,"3,07,49,309","85,02,08,725.25","28,667"
23-Nov-2022,EQ,28.2,28.5,27.0,27.85,27.15,27.2,27.66,30.05,15.0,"4,00,32,938","1,10,75,09,454.45","37,687"
22-Nov-2022,EQ,29.2,30.05,27.25,28.8,27.7,27.85,28.53,30.05,15.0,"10,51,00,923","2,99,85,71,260.45","92,311"
21-Nov-2022,EQ,25.35,29.5,25.2,25.1,28.85,28.8,27.79,29.5,15.0,"15,94,53,816","4,43,04,61,592.05","1,27,099"
18-Nov-2022,EQ,23.25,25.65,23.2,23.1,25.25,25.1,25.02,25.65,15.0,"8,69,22,337","2,17,48,13,920.65","75,460"
17-Nov-2022,EQ,22.9,23.3,22.8,22.9,23.1,23.1,23.05,24.7,15.0,"56,38,624","12,99,52,878.65","6,400"
16-Nov-2022,EQ,22.95,23.45,22.75,22.85,22.9,22.9,23.15,24.7,15.0,"97,79,348","22,64,04,979.40","9,987"
15-Nov-2022,EQ,23.2,23.25,22.6,23.1,23.0,22.85,22.88,24.7,15.0,"65,60,313","15,00,79,928.90","7,790"
14-Nov-2022,EQ,23.55,23.7,22.9,23.4,23.2,23.1,23.14,24.7,15.0,"64,72,068","14,97,80,147.05","8,812"
11-Nov-2022,EQ,23.55,23.95,23.15,23.15,23.3,23.4,23.55,24.7,15.0,"1,22,37,384","28,82,42,085.30","13,995"
10-Nov-2022,EQ,24.25,24.4,22.9,24.2,23.2,23.15,23.49,24.7,15.0,"1,83,53,367","43,11,05,543.15","20,351"
09-Nov-2022,EQ,23.6,24.7,23.35,23.3,24.35,24.2,24.17,24.7,15.0,"3,40,82,599","82,36,77,263.40","33,123"
07-Nov-2022,EQ,23.0,23.95,23.0,22.75,23.3,23.3,23.43,23.95,15.0,"2,76,06,247","64,68,96,150.40","29,291"
04-Nov-2022,EQ,21.3,23.15,21.25,21.1,22.6,22.75,22.59,23.15,15.0,"4,69,92,227","1,06,17,58,323.20","45,694"
03-Nov-2022,EQ,20.1,21.2,20.0,20.2,21.15,21.1,20.84,22.2,15.0,"1,26,83,638","26,42,77,846.65","13,991"
02-Nov-2022,EQ,20.3,20.4,20.15,20.2,20.3,20.2,20.27,22.2,15.0,"33,54,960","6,80,15,138.60","4,591"
01-Nov-2022,EQ,20.5,20.75,20.1,20.3,20.2,20.2,20.44,22.2,15.0,"44,85,720","9,16,82,084.30","6,531"
31-Oct-2022,EQ,20.95,21.2,20.25,20.75,20.4,20.3,20.52,22.2,15.0,"58,81,162","12,06,73,931.80","8,725"
28-Oct-2022,EQ,21.0,21.55,20.65,21.0,20.8,20.75,21.05,22.4,15.0,"94,40,488","19,87,20,192.50","10,853"
27-Oct-2022,EQ,21.25,21.4,20.85,20.95,21.0,21.0,21.09,22.4,15.0,"1,01,62,174","21,43,46,457.40","10,497"
25-Oct-2022,EQ,20.05,21.35,19.75,20.25,20.95,20.95,20.7,22.4,15.0,"1,87,73,606","38,85,81,869.15","16,993"
24-Oct-2022,EQ,20.55,20.7,20.15,19.8,20.3,20.25,20.35,22.4,15.0,"46,84,950","9,53,21,030.55","7,808"
21-Oct-2022,EQ,19.65,20.3,19.5,19.55,19.75,19.8,19.93,22.85,15.0,"1,14,00,829","22,72,04,890.05","11,437"
20-Oct-2022,EQ,19.4,19.75,19.1,19.4,19.55,19.55,19.49,22.85,15.0,"49,71,696","9,69,11,260.60","6,236"
19-Oct-2022,EQ,19.25,19.75,19.2,19.1,19.45,19.4,19.46,22.85,15.0,"1,14,92,518","22,36,88,966.60","9,317"
18-Oct-2022,EQ,19.1,19.45,18.9,18.85,19.0,19.1,19.17,22.85,15.0,"1,30,38,728","24,99,27,168.95","14,054"
17-Oct-2022,EQ,18.0,19.0,17.95,17.95,18.95,18.85,18.7,22.85,15.0,"1,38,51,123","25,90,37,120.30","14,764"
14-Oct-2022,EQ,18.15,18.2,17.85,17.85,17.95,17.95,17.98,22.85,15.0,"18,19,513","3,27,18,151.40","2,581"
13-Oct-2022,EQ,18.0,18.05,17.7,18.05,17.85,17.85,17.86,22.85,15.0,"14,86,245","2,65,41,162.10","2,651"
12-Oct-2022,EQ,18.1,18.1,17.8,18.0,18.0,18.05,17.98,22.85,15.0,"14,05,624","2,52,66,483.60","2,654"
11-Oct-2022,EQ,18.2,18.35,17.95,18.15,18.0,18.0,18.1,22.85,15.0,"24,43,065","4,42,10,492.55","3,850"
10-Oct-2022,EQ,18.0,18.3,17.9,18.25,18.15,18.15,18.13,22.85,15.0,"19,51,256","3,53,83,885.45","3,354"
07-Oct-2022,EQ,18.4,18.45,18.1,18.45,18.3,18.25,18.23,22.85,15.0,"29,54,832","5,38,68,831.20","3,520"
06-Oct-2022,EQ,18.2,18.6,18.1,18.0,18.35,18.45,18.33,22.85,15.0,"31,14,903","5,71,11,210.45","4,228"
04-Oct-2022,EQ,18.0,18.4,17.85,17.55,18.1,18.0,18.15,22.85,15.0,"2,34,98,544","42,65,77,146.75","11,029"
03-Oct-2022,EQ,17.8,17.8,17.4,17.8,17.55,17.55,17.62,22.85,15.0,"16,08,467","2,83,38,030.70","3,726"
30-Sep-2022,EQ,17.55,17.9,17.25,17.45,17.8,17.8,17.63,22.85,15.0,"23,20,576","4,09,15,814.65","3,822"
29-Sep-2022,EQ,17.45,17.75,16.9,17.3,17.55,17.45,17.28,22.85,15.0,"40,51,089","7,00,01,487.85","5,276"
28-Sep-2022,EQ,17.5,17.65,17.2,17.55,17.3,17.3,17.43,22.85,15.0,"24,90,285","4,34,05,046.65","4,043"
27-Sep-2022,EQ,17.35,17.85,17.35,17.2,17.75,17.55,17.52,22.85,15.0,"20,89,023","3,65,95,515.90","3,763"
26-Sep-2022,EQ,18.0,18.1,17.05,18.15,17.3,17.2,17.38,22.85,15.0,"50,10,284","8,70,77,147.10","7,614"
23-Sep-2022,EQ,18.55,18.7,18.0,18.6,18.2,18.15,18.29,22.85,15.0,"33,74,344","6,17,25,980.35","4,097"
22-Sep-2022,EQ,18.55,18.8,18.35,18.6,18.7,18.6,18.57,22.85,15.0,"36,59,122","6,79,57,409.05","5,165"
21-Sep-2022,EQ,19.4,19.4,18.6,19.0,18.6,18.6,18.87,22.85,15.0,"37,19,250","7,01,96,809.55","4,625"
20-Sep-2022,EQ,18.9,19.25,18.85,18.75,18.9,19.0,19.05,22.85,15.0,"33,34,809","6,35,12,287.30","5,561"
19-Sep-2022,EQ,18.65,18.95,18.45,18.55,18.75,18.75,18.79,22.85,15.0,"31,74,282","5,96,54,336.65","4,563"
16-Sep-2022,EQ,19.5,19.6,18.5,19.6,18.6,18.55,18.96,22.85,15.0,"70,04,433","13,28,11,720.45","7,393"
15-Sep-2022,EQ,19.95,20.25,19.5,19.45,19.55,19.6,19.85,22.85,15.0,"93,07,778","18,47,51,068.20","8,925"
14-Sep-2022,EQ,18.55,19.75,18.5,18.75,19.45,19.45,19.32,22.85,15.0,"1,51,78,278","29,32,37,042.20","11,119"
13-Sep-2022,EQ,19.1,19.2,18.7,18.95,18.75,18.75,18.94,22.85,15.0,"34,24,895","6,48,59,389.95","4,533"
12-Sep-2022,EQ,18.85,19.0,18.7,18.7,18.9,18.95,18.9,22.85,15.0,"34,15,024","6,45,42,988.85","6,028"
09-Sep-2022,EQ,18.85,19.1,18.6,18.7,18.65,18.7,18.85,22.85,15.0,"43,51,320","8,20,05,138.25","4,794"
08-Sep-2022,EQ,18.6,18.9,18.5,18.4,18.75,18.7,18.72,22.85,15.0,"47,38,485","8,86,93,057.10","5,579"
07-Sep-2022,EQ,18.2,18.55,18.1,18.3,18.45,18.4,18.44,22.85,15.0,"26,74,276","4,93,13,955.70","3,214"
06-Sep-2022,EQ,18.2,18.75,18.0,18.0,18.25,18.3,18.39,22.85,15.0,"60,22,956","11,07,74,767.00","6,140"
05-Sep-2022,EQ,17.95,18.3,17.9,17.95,18.0,18.0,18.08,22.85,15.0,"25,74,437","4,65,43,618.80","4,078"
02-Sep-2022,EQ,18.25,18.3,17.95,18.15,18.0,17.95,18.09,22.85,15.0,"15,46,843","2,79,82,165.90","2,768"
01-Sep-2022,EQ,17.9,18.3,17.85,18.05,18.2,18.15,18.15,22.85,15.0,"18,96,244","3,44,10,802.90","3,037"
30-Aug-2022,EQ,18.1,18.3,18.0,17.95,18.1,18.05,18.13,22.85,15.0,"19,43,756","3,52,37,697.60","3,038"
29-Aug-2022,EQ,17.5,18.05,17.4,18.0,18.0,17.95,17.75,22.85,15.0,"21,30,555","3,78,17,503.30","4,019"
26-Aug-2022,EQ,18.1,18.45,17.9,17.95,18.1,18.0,18.15,22.85,15.0,"45,48,064","8,25,47,466.25","6,432"
25-Aug-2022,EQ,17.35,18.45,17.3,17.25,17.9,17.95,18.0,22.85,15.0,"1,00,02,134","18,00,29,499.75","9,415"
24-Aug-2022,EQ,17.15,17.35,17.05,17.25,17.35,17.25,17.19,22.85,15.0,"19,85,921","3,41,42,155.95","2,547"
23-Aug-2022,EQ,17.05,17.35,17.05,17.15,17.25,17.25,17.22,22.85,15.0,"16,94,881","2,91,78,826.40","2,341"
22-Aug-2022,EQ,17.4,17.75,17.1,17.45,17.2,17.15,17.26,22.85,15.0,"17,04,408","2,94,11,611.90","2,992"
19-Aug-2022,EQ,17.9,18.0,17.4,17.85,17.45,17.45,17.62,22.85,15.0,"17,98,890","3,16,89,890.50","3,328"
18-Aug-2022,EQ,17.8,18.25,17.6,17.9,17.85,17.85,17.98,22.85,15.0,"35,50,750","6,38,41,428.10","4,373"
17-Aug-2022,EQ,17.5,18.05,17.4,17.35,17.9,17.9,17.75,22.85,15.0,"42,36,486","7,52,13,221.30","4,634"
16-Aug-2022,EQ,17.4,17.5,17.3,17.25,17.45,17.35,17.41,22.85,15.0,"13,29,747","2,31,46,543.05","2,649"
12-Aug-2022,EQ,17.0,17.55,16.95,16.95,17.2,17.25,17.31,22.85,15.0,"30,87,159","5,34,24,566.55","3,915"
11-Aug-2022,EQ,17.1,17.3,16.9,16.95,16.95,16.95,17.08,22.85,15.0,"18,71,620","3,19,59,518.15","2,691"
10-Aug-2022,EQ,17.3,17.4,16.95,17.25,17.0,16.95,17.06,22.85,15.0,"13,79,122","2,35,22,589.25","2,867"
08-Aug-2022,EQ,17.3,17.55,17.15,17.3,17.3,17.25,17.36,22.85,15.0,"11,70,908","2,03,24,503.75","2,379"
05-Aug-2022,EQ,17.35,17.55,17.2,17.35,17.3,17.3,17.41,22.85,15.0,"13,65,201","2,37,73,164.00","2,246"
04-Aug-2022,EQ,17.7,17.8,17.3,17.65,17.4,17.35,17.54,22.85,15.0,"15,66,030","2,74,61,677.05","2,622"
03-Aug-2022,EQ,17.9,17.9,17.35,17.85,17.7,17.65,17.6,22.85,15.0,"23,78,515","4,18,67,934.45","3,099"
02-Aug-2022,EQ,17.05,18.3,17.05,17.15,17.75,17.85,17.79,22.85,15.0,"72,14,214","12,83,09,239.65","7,437"
01-Aug-2022,EQ,16.95,17.25,16.8,16.85,17.2,17.15,17.08,22.85,15.0,"24,29,266","4,15,02,799.10","3,602"
29-Jul-2022,EQ,16.8,16.9,16.75,16.75,16.8,16.85,16.83,23.4,15.0,"9,68,931","1,63,08,835.90","2,329"
28-Jul-2022,EQ,16.7,17.05,16.6,16.7,16.8,16.75,16.82,23.4,15.0,"19,56,370","3,29,02,538.80","2,565"
27-Jul-2022,EQ,16.55,16.75,16.5,16.6,16.7,16.7,16.64,23.4,15.0,"8,11,283","1,35,03,148.75","1,775"
26-Jul-2022,EQ,16.8,16.85,16.6,16.7,16.6,16.6,16.7,23.4,15.0,"9,66,407","1,61,42,951.10","2,050"
25-Jul-2022,EQ,17.15,17.2,16.65,17.2,16.7,16.7,16.81,23.4,15.0,"19,13,090","3,21,60,205.50","2,983"
22-Jul-2022,EQ,17.55,17.65,17.15,17.5,17.15,17.2,17.37,24.4,15.0,"27,61,144","4,79,73,928.75","3,485"
21-Jul-2022,EQ,17.1,17.55,16.95,17.05,17.45,17.5,17.27,24.4,15.0,"35,65,082","6,15,79,412.40","4,307"
20-Jul-2022,EQ,17.1,17.25,17.0,16.9,17.1,17.05,17.12,24.4,15.0,"38,95,911","6,66,92,021.45","4,217"
19-Jul-2022,EQ,16.65,17.0,16.6,16.65,16.9,16.9,16.86,24.4,15.0,"67,90,491","11,44,64,273.50","6,995"
18-Jul-2022,EQ,16.4,17.05,16.15,16.1,16.7,16.65,16.66,24.4,15.0,"1,18,26,848","19,70,58,204.75","9,741"
15-Jul-2022,EQ,16.05,16.15,15.9,15.9,16.1,16.1,16.03,24.75,15.0,"10,68,914","1,71,33,600.95","2,278"
14-Jul-2022,EQ,16.3,16.4,15.8,16.25,15.95,15.9,16.02,24.75,15.0,"17,12,231","2,74,28,388.80","2,831"
13-Jul-2022,EQ,16.35,16.55,16.2,16.25,16.3,16.25,16.34,24.75,15.0,"9,96,743","1,62,84,361.60","2,260"
12-Jul-2022,EQ,16.05,16.6,16.05,16.15,16.25,16.25,16.36,24.75,15.0,"22,48,358","3,67,83,012.95","2,818"
11-Jul-2022,EQ,15.9,16.75,15.7,15.95,16.2,16.15,16.21,24.75,15.0,"33,48,943","5,42,98,965.55","3,642"
08-Jul-2022,EQ,16.0,16.15,15.9,15.95,15.95,15.95,16.0,25.8,15.0,"7,18,240","1,14,91,195.95","2,485"
07-Jul-2022,EQ,15.85,16.1,15.8,15.8,16.0,15.95,15.96,25.8,15.0,"15,91,622","2,53,94,486.20","3,245"
06-Jul-2022,EQ,15.8,15.85,15.65,15.75,15.75,15.8,15.75,25.8,15.0,"17,49,534","2,75,58,694.90","2,554"
05-Jul-2022,EQ,16.05,16.2,15.65,15.85,15.65,15.75,15.97,25.8,15.0,"17,79,597","2,84,21,407.95","2,766"
04-Jul-2022,EQ,15.75,15.95,15.45,15.6,15.95,15.85,15.73,25.8,15.0,"16,12,756","2,53,71,720.85","2,851"
01-Jul-2022,EQ,15.6,15.7,15.5,15.55,15.65,15.6,15.6,26.3,15.0,"8,92,261","1,39,17,033.05","2,130"
30-Jun-2022,EQ,15.6,15.9,15.5,15.5,15.6,15.55,15.64,26.3,15.0,"7,70,258","1,20,47,028.00","2,766"
29-Jun-2022,EQ,15.5,15.75,15.4,15.8,15.5,15.5,15.59,26.3,15.0,"18,69,051","2,91,39,477.20","3,407"
28-Jun-2022,EQ,16.3,16.35,15.7,16.3,15.85,15.8,15.94,26.3,15.0,"29,02,584","4,62,81,127.90","4,604"
27-Jun-2022,EQ,16.65,16.75,16.2,16.5,16.3,16.3,16.48,26.3,15.0,"13,93,448","2,29,68,769.70","2,869"
24-Jun-2022,EQ,16.15,16.7,15.95,16.0,16.55,16.5,16.35,27.7,15.0,"14,51,398","2,37,34,485.45","3,461"
23-Jun-2022,EQ,16.2,16.35,15.9,16.2,16.15,16.0,16.1,27.7,15.0,"9,87,644","1,59,01,097.95","2,464"
22-Jun-2022,EQ,15.55,16.3,15.4,15.55,16.2,16.2,15.99,27.7,15.0,"30,72,532","4,91,20,261.00","5,223"
21-Jun-2022,EQ,15.2,15.7,15.2,15.15,15.55,15.55,15.51,27.7,15.0,"12,80,078","1,98,50,956.85","2,836"
20-Jun-2022,EQ,15.35,15.5,15.0,15.65,15.25,15.15,15.25,27.7,15.0,"20,23,463","3,08,54,447.40","5,023"
17-Jun-2022,EQ,15.55,15.95,15.45,15.75,15.7,15.65,15.65,27.7,15.0,"17,27,678","2,70,42,394.85","3,556"
16-Jun-2022,EQ,16.45,16.55,15.55,16.25,15.75,15.75,15.94,27.7,15.0,"18,77,134","2,99,28,722.90","5,690"
15-Jun-2022,EQ,16.15,16.45,16.15,16.25,16.25,16.25,16.29,27.7,15.0,"6,91,196","1,12,57,310.40","1,813"
14-Jun-2022,EQ,15.85,16.45,15.75,16.2,16.3,16.25,16.21,27.7,15.0,"12,80,098","2,07,48,372.90","2,614"
13-Jun-2022,EQ,16.45,16.5,16.15,16.7,16.25,16.2,16.28,27.7,15.0,"11,85,983","1,93,10,562.90","3,358"
10-Jun-2022,EQ,16.55,16.75,16.5,16.65,16.7,16.7,16.65,32.0,15.0,"10,62,330","1,76,88,288.80","2,416"
09-Jun-2022,EQ,16.65,16.75,16.6,16.7,16.65,16.65,16.66,32.0,15.0,"7,04,131","1,17,30,548.35","2,204"
08-Jun-2022,EQ,16.6,16.9,16.6,16.55,16.65,16.7,16.71,32.0,15.0,"16,11,508","2,69,24,730.95","3,217"
07-Jun-2022,EQ,16.9,16.95,16.45,16.9,16.55,16.55,16.68,32.0,15.0,"16,34,878","2,72,63,355.95","3,331"
06-Jun-2022,EQ,17.15,17.25,16.85,17.15,16.9,16.9,16.96,32.0,15.0,"10,28,132","1,74,35,470.05","3,081"
03-Jun-2022,EQ,17.7,17.75,17.0,17.6,17.15,17.15,17.32,32.0,15.0,"17,83,386","3,08,94,646.35","3,322"
02-Jun-2022,EQ,17.55,17.75,17.35,17.65,17.6,17.6,17.58,32.0,15.0,"16,99,403","2,98,81,343.90","2,839"
01-Jun-2022,EQ,17.8,17.85,17.5,17.65,17.6,17.65,17.68,32.0,15.0,"20,29,239","3,58,79,269.10","5,291"
31-May-2022,EQ,17.85,17.9,17.5,17.6,17.6,17.65,17.71,32.0,15.0,"27,17,904","4,81,34,644.10","3,960"
30-May-2022,EQ,16.7,17.7,16.6,16.5,17.55,17.6,17.16,32.0,15.0,"50,08,293","8,59,21,828.40","7,123"
27-May-2022,EQ,16.25,16.6,16.15,16.15,16.55,16.5,16.4,32.0,15.0,"23,43,237","3,84,22,074.70","4,271"
26-May-2022,EQ,15.7,16.45,15.6,15.55,16.2,16.15,16.04,32.0,15.0,"36,17,348","5,80,35,379.00","5,987"
25-May-2022,EQ,16.2,16.25,15.0,16.1,15.55,15.55,15.72,32.0,15.0,"28,28,343","4,44,58,851.25","5,096"
24-May-2022,EQ,16.35,16.4,16.05,16.25,16.1,16.1,16.2,32.0,15.15,"13,04,600","2,11,36,200.40","2,414"
23-May-2022,EQ,16.25,16.4,16.1,16.05,16.25,16.25,16.27,32.0,15.15,"24,59,478","4,00,13,428.25","3,843"
20-May-2022,EQ,16.1,16.2,15.9,15.85,16.05,16.05,16.02,32.0,15.15,"31,32,404","5,01,96,068.90","4,008"
19-May-2022,EQ,16.0,16.3,15.55,16.2,16.0,15.85,16.03,32.0,15.15,"46,43,200","7,44,11,921.90","7,104"
18-May-2022,EQ,16.25,16.45,16.15,16.2,16.3,16.2,16.29,32.0,15.15,"23,56,833","3,83,84,952.95","3,815"
17-May-2022,EQ,16.0,16.3,15.9,15.9,16.15,16.2,16.1,32.0,15.15,"22,57,646","3,63,54,306.10","3,739"
16-May-2022,EQ,15.95,16.15,15.8,15.7,16.05,15.9,15.96,32.0,15.15,"26,93,348","4,29,97,457.05","3,898"
13-May-2022,EQ,15.8,16.2,15.5,15.5,15.75,15.7,15.85,32.0,15.15,"26,31,592","4,17,07,720.55","5,051"
12-May-2022,EQ,15.75,15.8,15.4,15.9,15.6,15.5,15.53,32.0,15.15,"22,69,860","3,52,49,949.95","4,626"
11-May-2022,EQ,16.45,16.6,15.5,16.45,15.95,15.9,15.94,32.0,15.15,"45,83,719","7,30,57,857.10","7,238"
10-May-2022,EQ,16.8,17.05,16.1,16.85,16.25,16.45,16.69,32.0,15.15,"21,48,412","3,58,61,550.45","4,176"
09-May-2022,EQ,16.9,17.1,16.6,17.0,16.8,16.85,16.87,32.0,15.15,"18,94,769","3,19,63,879.25","5,391"
06-May-2022,EQ,16.9,17.1,16.8,17.1,17.05,17.0,16.95,32.0,15.15,"17,99,317","3,04,91,207.95","4,120"
05-May-2022,EQ,17.4,17.65,17.0,17.2,17.1,17.1,17.35,32.0,15.15,"14,81,722","2,57,00,682.10","3,905"
04-May-2022,EQ,17.85,17.95,17.05,17.7,17.3,17.2,17.59,32.0,15.15,"18,99,933","3,34,20,447.65","4,301"
02-May-2022,EQ,17.9,18.0,17.65,17.95,17.75,17.7,17.8,32.0,15.15,"16,65,553","2,96,50,313.65","6,546"
29-Apr-2022,EQ,18.4,18.6,17.75,18.1,17.9,17.95,18.25,32.0,15.15,"40,96,948","7,47,86,003.10","6,219"
28-Apr-2022,EQ,18.1,18.8,17.75,17.8,18.1,18.1,18.24,32.0,15.15,"96,52,824","17,60,56,235.60","9,395"
27-Apr-2022,EQ,18.05,18.15,17.75,18.05,17.85,17.8,17.89,32.0,15.15,"18,54,417","3,31,70,570.25","3,809"
26-Apr-2022,EQ,18.0,18.25,17.95,17.9,18.0,18.05,18.08,32.0,15.15,"18,28,675","3,30,65,452.45","2,752"
25-Apr-2022,EQ,18.0,18.15,17.85,18.2,18.0,17.9,18.0,32.0,15.15,"21,18,906","3,81,34,670.30","4,073"
22-Apr-2022,EQ,18.2,18.4,18.1,18.3,18.2,18.2,18.27,32.0,15.15,"17,86,130","3,26,28,167.15","3,070"
21-Apr-2022,EQ,18.35,18.6,18.25,18.25,18.3,18.3,18.42,32.0,15.15,"19,12,522","3,52,28,093.35","3,643"
20-Apr-2022,EQ,17.95,18.4,17.85,17.95,18.2,18.25,18.14,32.0,15.15,"30,26,470","5,48,87,484.80","4,635"
19-Apr-2022,EQ,18.1,18.4,17.7,17.9,17.75,17.95,18.03,32.0,15.15,"33,29,394","6,00,34,110.60","4,697"
18-Apr-2022,EQ,18.2,18.3,17.8,18.4,17.85,17.9,17.97,32.0,15.15,"28,85,091","5,18,54,717.35","5,093"
13-Apr-2022,EQ,18.55,18.65,18.35,18.45,18.4,18.4,18.49,32.0,15.15,"16,67,224","3,08,25,330.00","2,954"
12-Apr-2022,EQ,18.8,18.8,18.3,18.75,18.45,18.45,18.47,32.0,15.15,"24,13,959","4,45,92,875.65","3,397"
11-Apr-2022,EQ,18.85,19.1,18.0,18.8,18.85,18.75,18.82,32.0,15.15,"34,13,652","6,42,35,626.55","4,961"
08-Apr-2022,EQ,19.0,19.2,18.65,18.85,18.75,18.8,18.93,32.0,15.15,"42,53,123","8,05,23,791.65","6,089"
07-Apr-2022,EQ,18.95,19.4,18.7,18.75,18.8,18.85,19.09,32.0,15.15,"70,18,668","13,40,12,565.90","8,839"
06-Apr-2022,EQ,18.2,19.05,18.1,18.4,18.7,18.75,18.65,32.0,15.15,"58,73,344","10,95,57,334.85","6,339"
05-Apr-2022,EQ,18.5,18.75,18.25,18.0,18.25,18.4,18.47,32.0,15.15,"49,88,675","9,21,27,329.15","6,822"
04-Apr-2022,EQ,17.5,18.15,17.4,17.35,18.05,18.0,17.86,32.0,15.15,"54,64,119","9,75,71,889.60","6,321"
01-Apr-2022,EQ,16.9,17.5,16.9,16.7,17.3,17.35,17.3,32.0,15.15,"35,86,014","6,20,34,848.70","4,767"
31-Mar-2022,EQ,17.25,17.35,16.65,17.25,16.8,16.7,16.92,32.0,15.15,"44,42,828","7,51,93,753.50","6,696"
30-Mar-2022,EQ,16.8,17.6,16.7,16.55,17.4,17.25,17.04,32.0,15.15,"60,82,334","10,36,29,073.75","7,998"
29-Mar-2022,EQ,17.7,17.8,16.05,17.75,16.6,16.55,16.73,32.0,15.15,"1,62,95,103","27,26,63,917.95","15,832"
28-Mar-2022,EQ,17.4,19.7,15.15,17.45,17.7,17.75,17.25,32.0,15.15,"1,59,95,592","27,58,69,776.80","12,848"
25-Mar-2022,EQ,17.7,17.75,17.3,17.65,17.4,17.45,17.56,32.0,16.95,"37,18,000","6,53,02,471.45","4,523"
24-Mar-2022,EQ,17.65,17.8,17.55,17.75,17.65,17.65,17.66,32.0,16.95,"22,18,547","3,91,80,690.15","3,247"
23-Mar-2022,EQ,17.85,17.95,17.5,17.85,17.7,17.75,17.8,32.0,16.95,"28,40,026","5,05,50,611.60","3,306"
22-Mar-2022,EQ,17.9,17.95,17.75,17.85,17.85,17.85,17.85,32.0,16.95,"24,26,450","4,33,19,620.65","2,656"
21-Mar-2022,EQ,17.9,18.15,17.8,17.85,17.9,17.85,17.95,32.0,16.95,"29,82,431","5,35,39,651.50","3,948"
17-Mar-2022,EQ,18.05,18.05,17.75,17.9,17.9,17.85,17.91,32.0,16.95,"25,54,832","4,57,65,816.55","4,785"
16-Mar-2022,EQ,17.95,18.05,17.85,17.85,17.95,17.9,17.93,32.0,16.95,"23,07,314","4,13,79,851.60","3,102"
15-Mar-2022,EQ,18.0,18.1,17.7,17.95,17.85,17.85,17.92,32.0,16.95,"24,03,908","4,30,77,046.15","4,493"
14-Mar-2022,EQ,18.15,18.3,17.85,18.1,18.0,17.95,18.01,32.0,16.95,"22,90,436","4,12,57,731.40","3,823"
11-Mar-2022,EQ,18.2,18.35,18.05,18.25,18.15,18.1,18.19,32.0,16.95,"26,11,402","4,75,10,410.95","3,331"
10-Mar-2022,EQ,18.25,18.5,18.1,18.05,18.2,18.25,18.31,32.0,16.95,"25,10,411","4,59,68,491.80","6,893"
09-Mar-2022,EQ,18.0,18.15,17.85,17.85,18.1,18.05,18.02,32.0,16.95,"26,30,105","4,74,06,403.35","4,149"
08-Mar-2022,EQ,17.6,18.0,17.5,17.6,17.95,17.85,17.78,32.0,16.95,"23,91,825","4,25,20,165.25","4,185"
07-Mar-2022,EQ,17.7,18.1,17.45,17.85,17.65,17.6,17.78,32.0,16.95,"30,23,272","5,37,63,175.35","6,175"
04-Mar-2022,EQ,17.9,18.15,17.8,17.9,17.9,17.85,17.96,32.0,16.95,"20,20,011","3,62,71,076.45","3,979"
03-Mar-2022,EQ,18.15,18.4,17.85,18.0,17.9,17.9,18.04,32.0,16.95,"20,59,057","3,71,45,440.70","4,896"
02-Mar-2022,EQ,17.7,18.1,17.65,17.8,18.05,18.0,17.92,32.0,16.95,"27,28,265","4,88,82,570.30","4,906"
28-Feb-2022,EQ,17.85,18.1,17.45,17.65,17.85,17.8,17.72,32.0,16.95,"43,19,415","7,65,56,104.35","6,489"
25-Feb-2022,EQ,17.9,18.25,17.5,17.3,17.8,17.65,17.84,32.0,16.95,"53,66,377","9,57,42,892.80","8,065"
24-Feb-2022,EQ,17.8,18.1,16.95,18.45,17.3,17.3,17.62,32.0,16.95,"72,35,237","12,74,91,969.60","11,965"
23-Feb-2022,EQ,18.4,18.55,18.25,18.0,18.45,18.45,18.4,32.0,17.2,"28,41,326","5,22,85,606.25","4,660"
22-Feb-2022,EQ,18.0,18.4,17.75,18.65,18.0,18.0,18.02,32.0,17.2,"51,21,452","9,22,79,285.15","7,467"
21-Feb-2022,EQ,18.95,19.05,18.6,18.95,18.7,18.65,18.8,32.0,17.2,"30,40,454","5,71,68,568.35","5,237"
18-Feb-2022,EQ,18.8,19.1,18.75,18.95,19.0,18.95,18.96,32.0,15.7,"22,03,196","4,17,81,971.10","3,943"
17-Feb-2022,EQ,19.45,19.45,18.9,19.25,18.95,18.95,19.11,32.0,15.7,"21,06,394","4,02,61,009.55","3,998"
16-Feb-2022,EQ,19.5,19.5,19.15,19.25,19.2,19.25,19.31,32.0,15.7,"28,94,031","5,58,98,144.25","4,584"
15-Feb-2022,EQ,19.2,19.35,18.65,19.0,19.2,19.25,19.01,32.0,15.7,"43,71,566","8,31,09,640.10","6,798"
14-Feb-2022,EQ,19.3,19.6,18.8,19.8,18.95,19.0,19.24,32.0,15.7,"39,04,992","7,51,37,727.00","7,305"
11-Feb-2022,EQ,20.0,20.1,19.7,20.1,19.75,19.8,19.91,32.0,15.3,"26,44,697","5,26,46,742.40","4,911"
10-Feb-2022,EQ,20.3,20.45,20.05,20.2,20.15,20.1,20.23,32.0,15.3,"29,59,514","5,98,72,568.05","4,498"
09-Feb-2022,EQ,20.3,20.6,20.1,20.15,20.15,20.2,20.26,32.0,15.3,"25,01,753","5,06,97,154.05","3,855"
08-Feb-2022,EQ,20.4,20.55,19.9,20.3,20.2,20.15,20.21,32.0,15.3,"37,37,874","7,55,41,243.40","5,946"
07-Feb-2022,EQ,20.5,21.0,20.05,20.55,20.45,20.3,20.6,32.0,15.3,"45,98,812","9,47,20,394.95","7,185"
04-Feb-2022,EQ,21.05,21.15,20.4,21.0,20.6,20.55,20.82,32.0,14.6,"43,20,692","8,99,71,976.80","6,660"
03-Feb-2022,EQ,21.45,21.95,20.9,21.3,21.0,21.0,21.3,32.0,14.6,"1,67,31,852","35,64,32,582.60","15,013"
02-Feb-2022,EQ,20.6,21.5,20.45,20.55,21.45,21.3,21.0,32.0,14.6,"90,29,951","18,96,56,424.40","10,070"
01-Feb-2022,EQ,21.3,21.5,20.25,21.0,20.55,20.55,20.95,32.0,14.6,"74,62,967","15,63,83,954.70","13,999"
31-Jan-2022,EQ,21.4,21.45,20.8,21.0,20.95,21.0,21.09,32.0,14.6,"36,27,222","7,65,15,244.60","6,305"
28-Jan-2022,EQ,21.3,21.45,20.85,21.0,21.05,21.0,21.2,32.0,13.5,"72,44,190","15,35,55,258.05","11,336"
27-Jan-2022,EQ,19.8,21.3,19.65,20.2,21.05,21.0,20.76,32.0,13.5,"84,12,940","17,46,19,174.75","10,946"
25-Jan-2022,EQ,19.4,20.3,19.15,19.55,20.15,20.2,19.93,32.0,13.5,"34,43,046","6,86,25,973.45","6,497"
24-Jan-2022,EQ,20.35,20.45,19.4,20.35,19.45,19.55,19.78,32.0,13.5,"49,63,586","9,81,74,655.90","9,391"
21-Jan-2022,EQ,20.9,21.2,20.25,21.0,20.45,20.35,20.74,32.0,13.5,"75,78,710","15,71,95,351.45","8,863"
20-Jan-2022,EQ,21.85,22.2,20.8,21.55,21.0,21.0,21.56,32.0,13.5,"2,58,12,680","55,64,91,209.35","24,113"
19-Jan-2022,EQ,20.65,21.7,20.3,20.6,21.55,21.55,21.18,32.0,13.5,"88,67,475","18,78,08,183.65","9,136"
18-Jan-2022,EQ,21.2,21.25,20.5,21.05,20.6,20.6,20.75,32.0,13.5,"44,33,584","9,19,78,570.00","6,511"
17-Jan-2022,EQ,21.0,21.3,20.95,20.9,21.05,21.05,21.14,32.0,13.5,"60,01,460","12,68,94,774.40","9,273"
14-Jan-2022,EQ,20.25,21.0,20.15,20.3,20.95,20.9,20.76,32.0,13.5,"62,77,517","13,03,52,606.80","8,342"
13-Jan-2022,EQ,20.75,20.8,20.2,20.5,20.3,20.3,20.44,32.0,13.5,"52,32,554","10,69,78,132.85","6,725"
12-Jan-2022,EQ,20.45,20.6,20.45,20.4,20.5,20.5,20.52,32.0,13.5,"23,91,834","4,90,75,582.30","4,998"
11-Jan-2022,EQ,20.65,20.85,20.35,20.65,20.4,20.4,20.57,32.0,13.5,"34,18,188","7,03,13,586.25","5,810"
10-Jan-2022,EQ,21.0,21.35,20.4,20.35,20.65,20.65,20.84,32.0,13.5,"1,06,80,166","22,26,21,873.75","12,765"
07-Jan-2022,EQ,20.45,20.75,20.25,20.35,20.3,20.35,20.45,32.0,13.2,"36,45,156","7,45,49,281.10","5,914"
06-Jan-2022,EQ,20.0,20.5,20.0,20.45,20.3,20.35,20.29,32.0,13.2,"29,60,116","6,00,49,119.00","5,170"
05-Jan-2022,EQ,20.35,20.95,20.3,20.2,20.45,20.45,20.55,32.0,13.2,"94,31,120","19,37,76,260.10","11,202"
04-Jan-2022,EQ,19.5,20.4,19.35,19.4,20.35,20.2,19.86,32.0,13.2,"84,25,350","16,73,17,515.55","9,951"
03-Jan-2022,EQ,19.3,19.85,19.3,19.2,19.4,19.4,19.46,32.0,13.2,"38,74,576","7,53,81,507.70","5,484"
29-Dec-2023,EQ,45.5,45.6,44.75,45.35,45.1,45.15,45.08,51.9,22.8,"2,05,14,491","92,48,37,353.95","27,424"
28-Dec-2023,EQ,45.8,46.4,45.2,45.5,45.35,45.35,45.71,51.9,22.8,"2,99,59,053","1,36,93,76,561.70","33,092"
27-Dec-2023,EQ,45.5,46.15,45.25,45.25,45.5,45.5,45.68,51.9,22.8,"1,53,26,571","70,01,35,605.55","20,481"
26-Dec-2023,EQ,45.8,46.05,45.1,45.6,45.2,45.25,45.49,51.9,22.8,"1,07,18,493","48,75,44,321.50","17,065"
22-Dec-2023,EQ,45.9,46.2,45.05,45.65,45.6,45.6,45.66,51.9,22.8,"1,57,19,910","71,76,99,645.85","21,170"
21-Dec-2023,EQ,44.35,45.9,43.05,44.55,45.6,45.65,44.74,51.9,22.8,"3,01,15,666","1,34,74,52,787.95","34,995"
20-Dec-2023,EQ,48.2,48.4,44.15,47.8,44.75,44.55,46.16,51.9,22.8,"4,51,50,018","2,08,42,19,443.60","49,867"
19-Dec-2023,EQ,47.95,48.8,46.75,47.65,47.85,47.8,47.7,51.9,22.8,"5,12,81,117","2,44,61,85,786.10","46,292"
18-Dec-2023,EQ,47.6,48.3,46.55,47.35,47.5,47.65,47.72,51.9,22.8,"4,29,50,298","2,04,96,08,621.20","43,161"
15-Dec-2023,EQ,47.0,47.95,46.55,46.75,47.25,47.35,47.29,51.9,22.8,"3,17,94,121","1,50,36,59,179.20","27,606"
14-Dec-2023,EQ,46.95,47.45,46.55,46.65,46.75,46.75,47.0,51.9,22.8,"1,91,00,426","89,76,55,745.15","24,401"
13-Dec-2023,EQ,46.9,47.0,46.3,46.8,46.8,46.65,46.58,51.9,22.8,"1,47,94,973","68,91,35,374.40","23,502"
12-Dec-2023,EQ,47.4,47.85,46.45,47.0,46.7,46.8,47.17,51.9,22.8,"2,39,26,505","1,12,85,32,410.60","27,647"
11-Dec-2023,EQ,46.45,48.0,46.4,46.2,47.0,47.0,47.37,51.9,22.8,"5,39,24,113","2,55,42,39,034.05","56,436"
08-Dec-2023,EQ,46.2,46.8,45.6,46.0,46.15,46.2,46.15,51.9,22.8,"2,81,47,361","1,29,91,19,871.25","27,606"
07-Dec-2023,EQ,45.9,46.55,45.3,45.8,45.9,46.0,45.94,51.9,22.8,"2,15,96,403","99,21,73,009.50","28,567"
06-Dec-2023,EQ,46.25,46.4,45.25,45.95,45.9,45.8,45.74,51.9,22.8,"2,79,38,246","1,27,78,34,330.55","28,858"
05-Dec-2023,EQ,45.85,47.1,45.7,45.85,45.95,45.95,46.35,51.9,22.8,"3,74,25,264","1,73,45,00,671.65","42,039"
04-Dec-2023,EQ,45.65,46.35,45.2,44.35,45.85,45.85,45.7,51.9,22.8,"3,89,26,956","1,77,89,67,158.15","37,099"
01-Dec-2023,EQ,44.1,45.4,43.95,44.0,44.15,44.35,44.65,51.9,22.8,"2,53,62,443","1,13,23,56,697.05","28,675"
30-Nov-2023,EQ,44.3,44.55,43.7,44.3,44.1,44.0,43.99,51.9,22.8,"89,30,318","39,28,33,766.10","15,666"
29-Nov-2023,EQ,44.5,44.65,44.05,44.15,44.2,44.3,44.28,51.9,22.8,"99,81,258","44,20,02,145.05","17,157"
28-Nov-2023,EQ,43.3,44.55,42.85,43.2,44.2,44.15,43.78,51.9,22.8,"1,76,33,086","77,19,44,344.50","25,534"
24-Nov-2023,EQ,43.55,43.85,43.1,43.55,43.3,43.2,43.46,51.9,22.8,"73,10,096","31,76,61,803.45","16,657"
23-Nov-2023,EQ,43.75,44.05,43.35,43.75,43.4,43.55,43.75,51.9,22.8,"90,15,979","39,44,91,607.10","16,050"
22-Nov-2023,EQ,44.6,44.65,43.55,44.6,43.65,43.75,43.94,51.9,22.8,"1,10,41,989","48,51,98,094.55","17,845"
21-Nov-2023,EQ,44.9,45.15,44.45,44.85,44.55,44.6,44.69,51.9,22.8,"1,00,06,188","44,72,15,730.00","16,232"
20-Nov-2023,EQ,44.95,45.35,44.55,44.7,44.8,44.85,44.96,51.9,22.8,"1,38,07,503","62,07,84,880.60","20,812"
17-Nov-2023,EQ,45.0,45.35,44.2,45.95,44.8,44.7,44.83,51.9,22.6,"2,18,95,955","98,15,09,203.95","28,793"
16-Nov-2023,EQ,46.5,46.5,45.8,46.4,45.9,45.95,46.02,51.9,22.6,"1,74,94,681","80,51,27,055.20","23,263"
15-Nov-2023,EQ,46.6,46.85,45.9,46.1,46.35,46.4,46.31,51.9,22.6,"3,25,38,914","1,50,68,79,318.75","36,105"
13-Nov-2023,EQ,43.2,46.2,42.9,43.35,46.0,46.1,44.99,51.9,22.6,"5,61,53,291","2,52,64,36,739.95","49,889"
12-Nov-2023,EQ,43.4,43.55,43.2,43.15,43.4,43.35,43.34,51.9,22.6,"41,56,428","18,01,28,431.25","14,174"
10-Nov-2023,EQ,43.3,43.35,42.75,43.35,43.2,43.15,43.04,51.9,22.6,"97,51,541","41,97,53,813.60","14,093"
09-Nov-2023,EQ,44.1,44.1,43.2,43.9,43.25,43.35,43.52,51.9,22.6,"1,31,58,896","57,26,77,452.45","17,861"
08-Nov-2023,EQ,44.0,44.4,43.6,43.85,43.9,43.9,44.01,51.9,22.6,"1,64,37,254","72,34,32,857.35","18,460"
07-Nov-2023,EQ,43.2,44.0,42.8,43.25,43.9,43.85,43.47,51.9,22.6,"1,94,03,174","84,33,80,749.80","22,911"
06-Nov-2023,EQ,43.3,43.75,42.75,42.7,43.35,43.25,43.13,51.9,22.6,"1,74,43,349","75,22,93,180.20","22,702"
03-Nov-2023,EQ,43.0,43.3,42.45,42.7,42.8,42.7,42.8,51.9,20.0,"1,83,07,093","78,34,78,493.05","20,941"
02-Nov-2023,EQ,41.95,42.9,41.9,41.35,42.7,42.7,42.41,51.9,20.0,"2,92,93,525","1,24,24,45,927.10","29,823"
01-Nov-2023,EQ,41.9,42.2,41.25,41.75,41.4,41.35,41.71,51.9,20.0,"1,93,48,170","80,69,90,526.30","25,248"
31-Oct-2023,EQ,41.9,42.75,41.55,41.7,41.75,41.75,42.18,51.9,20.0,"2,22,98,756","94,04,53,090.65","24,843"
30-Oct-2023,EQ,42.4,42.5,41.2,42.4,41.75,41.7,41.82,51.9,20.0,"2,45,08,802","1,02,49,75,544.65","29,124"
27-Oct-2023,EQ,41.65,43.6,41.25,41.3,42.6,42.4,42.53,51.9,19.75,"5,76,53,831","2,45,20,49,262.90","58,186"
26-Oct-2023,EQ,41.3,41.65,38.65,41.5,41.15,41.3,40.03,51.9,19.75,"6,80,77,537","2,72,49,63,291.00","76,244"
25-Oct-2023,EQ,40.7,42.4,39.5,40.35,41.45,41.5,41.21,51.9,19.75,"6,90,44,943","2,84,50,54,028.05","69,614"
23-Oct-2023,EQ,43.9,44.2,40.1,43.8,40.35,40.35,41.72,51.9,19.75,"5,15,23,729","2,14,94,81,509.75","91,303"
20-Oct-2023,EQ,45.75,46.3,43.55,45.75,43.8,43.8,44.8,51.9,17.95,"3,72,62,385","1,66,95,31,494.10","52,947"
19-Oct-2023,EQ,46.7,46.7,45.65,46.55,45.75,45.75,46.06,51.9,17.95,"3,11,30,644","1,43,38,02,905.65","35,602"
18-Oct-2023,EQ,47.8,47.8,46.15,47.55,46.7,46.55,46.8,51.9,17.95,"2,81,42,091","1,31,70,83,324.50","34,017"
17-Oct-2023,EQ,48.5,49.6,47.1,47.45,47.7,47.55,48.22,51.9,17.95,"5,50,81,783","2,65,59,94,726.00","57,172"
16-Oct-2023,EQ,47.1,48.0,46.55,46.8,47.45,47.45,47.35,51.9,17.95,"4,94,13,511","2,33,98,01,759.55","45,465"
13-Oct-2023,EQ,46.1,47.45,45.9,46.15,46.8,46.8,46.74,51.9,17.7,"3,61,53,119","1,68,97,07,992.95","35,291"
12-Oct-2023,EQ,46.6,47.25,46.0,46.55,46.1,46.15,46.44,51.9,17.7,"2,37,68,457","1,10,37,49,044.95","30,247"
11-Oct-2023,EQ,47.35,47.6,46.3,47.15,46.6,46.55,46.86,51.9,17.7,"2,74,28,187","1,28,53,49,674.25","36,670"
10-Oct-2023,EQ,46.0,47.35,45.8,45.3,46.9,47.15,46.55,51.9,17.7,"3,47,14,888","1,61,60,91,510.00","35,942"
09-Oct-2023,EQ,47.5,47.5,45.0,48.55,45.3,45.3,46.21,51.9,17.7,"4,79,50,239","2,21,56,05,618.50","72,159"
06-Oct-2023,EQ,48.95,49.3,47.95,48.8,48.5,48.55,48.61,51.9,17.4,"3,59,96,505","1,74,97,58,716.80","37,308"
05-Oct-2023,EQ,49.4,49.7,47.65,48.85,48.7,48.8,48.75,51.9,17.4,"4,96,74,472","2,42,16,82,115.60","58,515"
04-Oct-2023,EQ,49.8,51.9,48.05,49.5,49.0,48.85,49.95,51.9,17.4,"15,15,59,655","7,57,09,19,081.40","1,58,352"
03-Oct-2023,EQ,47.65,49.85,47.25,47.65,49.4,49.5,48.6,51.4,17.4,"6,17,82,878","3,00,26,62,669.35","67,172"
29-Sep-2023,EQ,47.4,48.15,47.05,47.0,47.65,47.65,47.58,51.4,16.9,"3,59,50,756","1,71,04,25,022.60","36,428"
28-Sep-2023,EQ,47.4,49.4,46.6,47.4,47.25,47.0,48.16,51.4,16.9,"8,74,72,923","4,21,25,21,833.60","83,250"
27-Sep-2023,EQ,46.7,47.6,46.1,46.55,47.4,47.4,46.96,51.4,16.9,"4,13,19,578","1,94,05,68,918.20","42,267"
26-Sep-2023,EQ,46.15,47.65,45.95,46.15,46.7,46.55,46.81,51.4,16.9,"4,71,95,141","2,20,93,32,756.95","45,216"
25-Sep-2023,EQ,47.2,47.5,45.6,46.9,46.15,46.15,46.41,51.4,16.9,"5,46,46,943","2,53,63,78,846.70","56,177"
22-Sep-2023,EQ,45.15,47.25,45.05,44.85,46.8,46.9,46.23,51.4,16.9,"9,12,54,431","4,21,82,87,964.65","92,390"
21-Sep-2023,EQ,46.5,48.3,44.3,46.3,45.05,44.85,46.22,51.4,16.9,"9,97,42,614","4,60,99,95,642.30","1,03,032"
20-Sep-2023,EQ,47.3,49.2,45.65,48.15,46.85,46.3,47.4,51.4,16.9,"10,71,06,927","5,07,69,52,855.30","1,14,513"
18-Sep-2023,EQ,45.15,51.4,44.6,45.1,47.4,48.15,48.61,51.4,16.9,"29,82,42,980","14,49,62,92,976.20","2,56,604"
15-Sep-2023,EQ,44.0,46.2,43.75,43.95,44.8,45.1,45.3,46.2,16.9,"10,76,60,126","4,87,64,97,990.90","94,830"
14-Sep-2023,EQ,43.3,44.25,42.6,43.0,43.95,43.95,43.42,44.75,16.9,"5,82,23,238","2,52,79,73,489.25","54,799"
13-Sep-2023,EQ,41.0,43.3,40.1,41.1,43.0,43.0,41.73,44.75,16.9,"6,25,83,974","2,61,14,06,114.05","61,742"
12-Sep-2023,EQ,44.7,44.75,40.6,44.3,41.15,41.1,42.14,44.75,16.9,"6,30,28,944","2,65,58,83,120.10","74,765"
11-Sep-2023,EQ,42.4,44.7,42.3,42.05,44.2,44.3,43.65,44.7,16.9,"6,75,62,208","2,94,91,94,469.00","61,538"
08-Sep-2023,EQ,42.5,42.8,41.85,42.3,42.2,42.05,42.22,42.8,16.9,"3,26,78,301","1,37,97,70,710.40","31,261"
07-Sep-2023,EQ,41.2,42.6,41.1,41.1,42.2,42.3,41.92,42.7,16.9,"3,88,22,802","1,62,75,33,580.30","33,041"
06-Sep-2023,EQ,41.9,42.0,40.55,41.7,41.1,41.1,41.11,42.7,16.9,"2,58,94,563","1,06,45,79,282.65","28,277"
05-Sep-2023,EQ,41.85,42.7,40.8,41.65,41.8,41.7,41.79,42.7,16.9,"5,68,40,184","2,37,55,04,128.15","54,453"
04-Sep-2023,EQ,38.65,41.85,38.5,38.35,41.6,41.65,40.79,41.85,16.9,"9,07,69,377","3,70,23,24,765.35","80,457"
01-Sep-2023,EQ,38.7,38.85,37.75,38.7,38.45,38.35,38.37,40.4,16.9,"3,05,06,396","1,17,04,96,928.10","29,729"
31-Aug-2023,EQ,39.15,39.5,38.55,38.95,38.65,38.7,38.93,40.4,16.9,"1,58,67,994","61,77,81,692.80","19,063"
30-Aug-2023,EQ,39.4,39.6,38.75,39.1,38.8,38.95,39.16,40.4,16.9,"1,51,34,173","59,26,93,540.55","17,197"
29-Aug-2023,EQ,39.5,39.7,38.9,39.4,39.15,39.1,39.24,40.4,16.9,"1,77,58,767","69,68,39,683.00","21,108"
28-Aug-2023,EQ,39.25,40.4,38.6,39.15,39.35,39.4,39.56,40.4,16.9,"2,96,68,676","1,17,37,01,372.95","29,948"
25-Aug-2023,EQ,39.4,39.6,38.25,39.45,38.95,39.15,38.93,40.4,16.9,"2,79,65,086","1,08,87,02,637.20","31,530"
24-Aug-2023,EQ,39.85,40.4,39.3,39.65,39.45,39.45,39.84,40.4,16.9,"3,93,23,484","1,56,67,35,617.15","34,221"
23-Aug-2023,EQ,38.3,40.1,38.2,38.15,39.75,39.65,39.46,40.1,16.9,"7,08,52,716","2,79,55,86,086.70","49,880"
22-Aug-2023,EQ,38.3,38.8,38.0,38.25,38.2,38.15,38.37,39.55,16.9,"1,84,43,963","70,77,12,258.30","21,144"
21-Aug-2023,EQ,38.65,39.05,38.1,38.45,38.3,38.25,38.43,39.55,16.9,"2,55,59,962","98,21,79,735.00","26,164"
18-Aug-2023,EQ,38.45,39.55,38.1,38.65,38.45,38.45,38.8,39.55,16.9,"4,61,94,520","1,79,24,10,500.10","39,298"
17-Aug-2023,EQ,38.45,39.2,38.05,38.4,38.6,38.65,38.63,39.35,16.9,"4,19,82,876","1,62,17,62,942.85","42,096"
16-Aug-2023,EQ,38.65,39.35,38.05,38.85,38.3,38.4,38.7,39.35,16.9,"5,05,60,206","1,95,68,47,120.35","47,808"
14-Aug-2023,EQ,37.85,39.2,36.2,37.65,38.8,38.85,38.15,39.2,16.9,"9,03,35,069","3,44,62,05,112.45","75,009"
11-Aug-2023,EQ,36.8,38.8,36.8,36.6,37.65,37.65,37.98,38.8,16.9,"8,54,64,693","3,24,62,86,986.95","70,902"
10-Aug-2023,EQ,37.4,37.4,36.1,37.3,36.7,36.6,36.87,37.65,16.9,"4,05,57,963","1,49,51,89,633.95","44,958"
09-Aug-2023,EQ,36.4,37.65,36.25,36.25,37.45,37.3,37.05,37.65,16.9,"9,10,76,608","3,37,42,68,086.45","82,888"
08-Aug-2023,EQ,34.0,36.5,33.7,33.85,36.15,36.25,35.42,36.5,16.9,"11,96,61,538","4,23,85,06,819.95","94,156"
07-Aug-2023,EQ,34.15,34.45,33.7,33.85,33.8,33.85,33.91,36.25,16.9,"1,49,18,389","50,59,51,143.75","17,803"
04-Aug-2023,EQ,34.1,34.5,33.7,33.85,33.9,33.85,34.07,36.25,16.8,"1,97,93,627","67,44,25,648.20","21,635"
03-Aug-2023,EQ,33.5,34.35,33.25,33.35,33.9,33.85,33.82,36.25,16.8,"3,20,88,778","1,08,51,34,379.85","25,563"
02-Aug-2023,EQ,34.0,35.25,32.7,34.0,33.45,33.35,33.98,36.25,16.8,"5,62,44,806","1,91,10,03,108.25","46,673"
01-Aug-2023,EQ,33.75,34.85,33.6,33.65,34.0,34.0,34.33,36.25,16.8,"3,78,89,596","1,30,06,43,055.60","32,508"
31-Jul-2023,EQ,33.95,34.05,33.5,33.8,33.6,33.65,33.79,36.25,16.8,"1,35,11,625","45,65,16,288.00","15,589"
28-Jul-2023,EQ,34.2,34.25,33.55,34.1,33.75,33.8,33.85,36.25,16.5,"1,72,09,632","58,25,12,332.00","18,472"
27-Jul-2023,EQ,34.25,34.45,33.75,34.0,34.2,34.1,34.09,36.25,16.5,"1,83,03,864","62,40,46,754.55","18,478"
26-Jul-2023,EQ,33.65,34.4,33.25,33.45,34.05,34.0,33.89,36.25,16.5,"3,93,20,006","1,33,27,49,232.35","34,537"
25-Jul-2023,EQ,33.95,34.05,33.3,33.7,33.45,33.45,33.58,36.25,16.5,"1,88,25,097","63,22,08,561.35","21,155"
24-Jul-2023,EQ,34.5,34.9,33.5,34.25,33.75,33.7,34.29,36.25,16.5,"4,64,19,834","1,59,18,46,667.10","40,855"
21-Jul-2023,EQ,32.75,34.45,32.6,32.75,34.2,34.25,33.77,36.25,16.15,"8,39,60,146","2,83,52,70,587.05","60,326"
20-Jul-2023,EQ,33.4,33.9,32.55,33.3,32.8,32.75,33.31,36.25,16.15,"7,12,06,812","2,37,19,89,581.45","64,780"
19-Jul-2023,EQ,31.9,33.5,31.85,31.5,33.2,33.3,32.86,36.25,16.15,"16,47,17,041","5,41,33,89,003.70","1,37,488"
18-Jul-2023,EQ,32.25,32.3,31.05,32.0,31.7,31.5,31.54,36.25,16.15,"3,06,00,654","96,50,29,316.65","25,107"
17-Jul-2023,EQ,31.15,32.2,30.75,31.15,32.0,32.0,31.47,36.25,16.15,"3,75,99,630","1,18,31,19,934.05","25,872"
14-Jul-2023,EQ,30.65,31.3,29.85,30.45,31.15,31.15,30.69,36.25,15.7,"3,62,30,518","1,11,18,27,652.90","22,076"
13-Jul-2023,EQ,32.25,32.65,30.15,32.0,30.55,30.45,31.26,36.25,15.7,"5,16,50,670","1,61,47,34,864.85","36,830"
12-Jul-2023,EQ,31.8,32.6,31.75,31.7,31.95,32.0,32.14,36.25,15.7,"4,93,44,836","1,58,58,51,701.35","31,425"
11-Jul-2023,EQ,31.7,32.0,31.1,31.55,31.7,31.7,31.62,36.25,15.7,"2,67,14,838","84,47,77,882.35","21,629"
10-Jul-2023,EQ,32.2,32.8,31.3,32.0,31.5,31.55,32.01,36.25,15.7,"4,98,76,156","1,59,63,22,200.70","27,753"
07-Jul-2023,EQ,32.05,32.75,31.35,32.3,32.0,32.0,31.98,36.25,15.45,"5,89,79,153","1,88,61,94,001.90","35,877"
06-Jul-2023,EQ,31.0,32.5,30.9,30.9,32.15,32.3,31.91,36.25,15.45,"8,30,84,438","2,65,11,28,598.10","52,104"
05-Jul-2023,EQ,30.7,31.45,30.15,30.55,30.85,30.9,30.88,36.25,15.45,"6,86,21,373","2,11,88,14,086.60","41,381"
04-Jul-2023,EQ,30.25,30.75,29.4,29.95,30.65,30.55,30.3,36.25,15.45,"7,29,68,823","2,21,07,11,925.70","40,851"
03-Jul-2023,EQ,29.15,30.4,29.1,28.9,29.95,29.95,29.82,36.25,15.45,"6,27,46,713","1,87,11,86,827.85","32,074"
30-Jun-2023,EQ,28.55,29.1,28.2,28.45,28.95,28.9,28.68,36.25,15.4,"3,29,12,257","94,39,67,891.45","17,860"
28-Jun-2023,EQ,27.6,28.8,27.35,27.45,28.45,28.45,28.14,36.25,15.4,"2,00,62,054","56,45,95,316.20","16,517"
27-Jun-2023,EQ,27.25,27.55,27.2,27.1,27.45,27.45,27.36,36.25,15.4,"76,03,284","20,80,55,446.65","7,872"
26-Jun-2023,EQ,27.0,27.3,26.8,27.15,27.15,27.1,27.03,36.25,15.4,"1,03,00,063","27,83,80,396.20","11,350"
23-Jun-2023,EQ,27.75,27.8,27.0,27.7,27.2,27.15,27.19,36.25,15.0,"1,23,77,551","33,65,56,020.90","13,268"
22-Jun-2023,EQ,28.15,28.3,27.65,28.15,27.7,27.7,27.88,36.25,15.0,"88,05,824","24,55,45,040.75","9,916"
21-Jun-2023,EQ,28.1,28.35,27.9,27.9,28.1,28.15,28.11,36.25,15.0,"1,29,78,175","36,47,71,095.25","17,507"
20-Jun-2023,EQ,27.9,28.1,27.55,27.9,27.9,27.9,27.83,36.25,15.0,"1,40,10,647","38,99,22,190.90","20,819"
19-Jun-2023,EQ,27.9,28.3,27.7,27.8,27.95,27.9,27.97,36.25,15.0,"1,50,09,633","41,98,67,916.40","22,315"
16-Jun-2023,EQ,27.85,28.05,27.75,27.85,27.8,27.8,27.9,36.25,15.0,"1,05,96,207","29,56,79,517.85","10,767"
15-Jun-2023,EQ,28.55,28.6,27.65,28.5,27.85,27.85,28.07,36.25,15.0,"1,32,97,743","37,33,31,625.45","21,705"
14-Jun-2023,EQ,28.5,28.7,28.3,28.5,28.45,28.5,28.5,36.25,15.0,"1,01,25,067","28,85,66,088.35","17,200"
13-Jun-2023,EQ,28.65,28.75,28.4,28.55,28.55,28.5,28.57,36.25,15.0,"99,84,986","28,52,96,157.15","17,556"
12-Jun-2023,EQ,28.5,28.65,28.1,28.35,28.55,28.55,28.42,36.25,15.0,"1,52,54,293","43,34,94,658.70","19,921"
09-Jun-2023,EQ,30.0,30.0,28.15,30.35,28.4,28.35,28.47,36.25,15.0,"5,85,88,050","1,66,77,62,578.70","49,092"
08-Jun-2023,EQ,30.8,31.15,30.25,30.7,30.4,30.35,30.62,36.25,15.0,"1,03,47,501","31,68,48,272.60","10,790"
07-Jun-2023,EQ,30.45,31.1,30.45,30.4,30.6,30.7,30.77,36.25,15.0,"1,05,38,248","32,42,50,473.65","11,556"
06-Jun-2023,EQ,30.6,30.65,30.05,30.65,30.45,30.4,30.36,36.25,15.0,"89,84,906","27,27,96,950.55","9,181"
05-Jun-2023,EQ,31.75,31.75,30.5,31.55,30.7,30.65,31.02,36.25,15.0,"1,55,23,942","48,15,63,957.45","17,332"
02-Jun-2023,EQ,31.5,32.45,31.25,31.35,31.5,31.55,31.84,36.25,15.0,"3,78,83,095","1,20,62,40,229.45","29,332"
01-Jun-2023,EQ,30.45,31.6,30.35,30.35,31.4,31.35,31.18,36.25,15.0,"2,76,80,636","86,30,77,097.20","23,679"
31-May-2023,EQ,29.45,30.5,29.25,29.5,30.4,30.35,30.1,36.25,15.0,"1,53,67,876","46,25,08,591.35","14,822"
30-May-2023,EQ,29.15,29.6,29.0,29.15,29.5,29.5,29.31,36.25,15.0,"59,93,474","17,56,73,028.25","6,930"
29-May-2023,EQ,29.6,29.6,29.1,29.25,29.15,29.15,29.3,36.25,15.0,"85,43,455","25,03,63,232.05","10,947"
26-May-2023,EQ,28.95,29.35,28.8,28.9,29.25,29.25,29.15,36.25,15.0,"72,39,302","21,10,06,034.75","7,844"
25-May-2023,EQ,29.3,29.5,28.8,29.35,28.9,28.9,29.01,36.25,15.0,"82,47,226","23,92,19,586.05","10,747"
24-May-2023,EQ,30.1,30.1,29.15,30.1,29.35,29.35,29.51,36.25,15.0,"91,79,739","27,09,01,375.50","13,214"
23-May-2023,EQ,30.3,30.75,30.0,31.3,30.1,30.1,30.37,36.25,15.0,"1,06,68,707","32,40,47,044.55","13,237"
22-May-2023,EQ,31.3,31.65,31.15,31.15,31.35,31.3,31.35,36.25,15.0,"1,26,90,515","39,78,10,697.95","12,969"
19-May-2023,EQ,31.2,31.3,30.4,31.15,31.25,31.15,30.89,36.25,15.0,"1,06,39,436","32,86,25,853.85","10,957"
18-May-2023,EQ,31.45,31.55,30.9,31.2,31.05,31.15,31.25,36.25,15.0,"1,06,85,632","33,38,77,020.65","9,796"
17-May-2023,EQ,31.1,31.6,30.75,31.0,31.25,31.2,31.15,36.25,15.0,"1,30,85,718","40,75,85,499.30","12,591"
16-May-2023,EQ,31.2,31.9,30.9,30.9,31.1,31.0,31.33,36.25,15.0,"2,07,07,602","64,87,04,564.60","19,053"
15-May-2023,EQ,30.3,31.2,30.1,30.15,30.9,30.9,30.79,36.25,15.0,"1,83,97,103","56,64,18,983.80","17,718"
12-May-2023,EQ,30.35,30.6,30.05,30.35,30.15,30.15,30.28,36.25,15.0,"84,39,645","25,55,37,090.15","8,033"
11-May-2023,EQ,30.1,30.55,29.95,29.95,30.35,30.35,30.32,36.25,15.0,"97,47,878","29,55,50,041.50","8,896"
10-May-2023,EQ,30.35,30.5,29.5,30.25,29.95,29.95,29.88,36.25,15.0,"1,06,15,712","31,72,27,190.80","11,494"
09-May-2023,EQ,30.5,30.7,29.9,30.4,30.2,30.25,30.29,36.25,15.0,"1,25,51,321","38,01,47,582.10","13,426"
08-May-2023,EQ,30.6,31.2,30.2,30.45,30.35,30.4,30.58,36.25,15.0,"2,03,46,612","62,21,67,180.10","17,998"
05-May-2023,EQ,30.0,31.4,29.8,29.9,30.6,30.45,30.67,36.25,15.0,"4,10,22,726","1,25,82,42,281.20","33,158"
04-May-2023,EQ,29.65,30.2,29.6,29.6,29.95,29.9,29.88,36.25,15.0,"1,21,76,172","36,37,73,837.60","10,637"
03-May-2023,EQ,29.85,30.0,29.45,30.0,29.7,29.6,29.68,36.25,15.0,"1,03,23,185","30,63,57,684.70","12,677"
02-May-2023,EQ,30.45,30.65,29.85,30.2,30.0,30.0,30.22,36.25,15.0,"1,54,38,811","46,66,01,114.55","17,447"
28-Apr-2023,EQ,29.8,30.4,29.7,29.7,30.15,30.2,30.09,36.25,15.0,"2,35,32,983","70,79,99,771.65","18,782"
27-Apr-2023,EQ,29.6,30.2,29.4,29.5,29.55,29.7,29.82,36.25,15.0,"1,49,18,642","44,48,51,607.40","14,602"
26-Apr-2023,EQ,30.0,30.1,29.25,29.9,29.6,29.5,29.57,36.25,15.0,"1,65,39,566","48,91,52,091.30","15,692"
25-Apr-2023,EQ,30.7,30.9,29.7,30.1,29.9,29.9,30.2,36.25,15.0,"3,60,39,793","1,08,83,46,113.20","35,076"
24-Apr-2023,EQ,28.0,30.5,28.0,27.85,30.35,30.1,29.43,36.25,15.0,"5,83,61,429","1,71,78,30,472.20","47,807"
21-Apr-2023,EQ,28.25,28.4,27.55,28.15,27.85,27.85,27.86,36.25,15.0,"96,51,965","26,88,89,634.90","9,520"
20-Apr-2023,EQ,28.6,28.75,27.9,28.6,28.2,28.15,28.34,36.25,15.0,"1,11,06,290","31,46,98,480.30","12,374"
19-Apr-2023,EQ,28.5,29.8,28.4,28.35,28.65,28.6,29.02,36.25,15.0,"2,76,07,500","80,11,49,945.25","22,935"
18-Apr-2023,EQ,28.8,28.9,28.1,28.65,28.35,28.35,28.53,36.25,15.0,"1,81,88,043","51,88,92,713.40","15,650"
17-Apr-2023,EQ,27.5,28.95,27.2,27.55,28.75,28.65,28.15,36.25,15.0,"3,01,21,567","84,77,76,885.70","24,427"
13-Apr-2023,EQ,26.65,27.85,26.45,26.6,27.65,27.55,27.07,36.25,15.0,"1,53,71,559","41,61,34,433.20","13,197"
12-Apr-2023,EQ,26.85,26.85,26.4,26.7,26.65,26.6,26.59,36.25,15.0,"55,04,440","14,63,58,689.55","7,338"
11-Apr-2023,EQ,26.25,27.2,26.25,26.15,26.65,26.7,26.7,36.25,15.0,"99,00,923","26,43,70,121.95","11,004"
10-Apr-2023,EQ,26.3,26.35,25.95,26.15,26.1,26.15,26.15,36.25,15.0,"76,82,988","20,08,90,416.55","10,097"
06-Apr-2023,EQ,25.65,26.55,25.55,25.65,26.15,26.15,26.15,36.25,15.0,"1,52,35,335","39,83,30,141.40","13,656"
05-Apr-2023,EQ,25.95,25.95,25.2,25.75,25.8,25.65,25.47,36.25,15.0,"1,05,21,009","26,79,60,212.05","11,152"
03-Apr-2023,EQ,24.9,25.95,24.7,24.75,25.95,25.75,25.31,36.25,15.0,"1,31,50,340","33,28,19,963.30","12,157"
31-Mar-2023,EQ,25.25,25.25,24.5,24.65,24.7,24.75,24.85,36.25,15.0,"98,13,078","24,38,83,549.70","11,913"
29-Mar-2023,EQ,22.95,24.85,22.85,23.1,24.45,24.65,24.02,36.25,15.0,"1,72,63,411","41,46,89,158.70","14,868"
28-Mar-2023,EQ,23.2,23.6,22.8,23.4,23.15,23.1,23.11,36.25,15.0,"89,75,021","20,73,97,979.70","10,437"
27-Mar-2023,EQ,24.4,24.4,23.2,24.2,23.35,23.4,23.7,36.25,15.0,"95,07,486","22,52,82,998.35","12,486"
24-Mar-2023,EQ,24.85,25.2,23.95,25.0,24.05,24.2,24.63,36.25,15.0,"82,31,322","20,27,54,050.75","8,363"
23-Mar-2023,EQ,24.7,25.25,24.5,25.05,24.95,25.0,25.0,36.25,15.0,"94,40,650","23,59,93,246.60","8,831"
22-Mar-2023,EQ,25.05,25.5,24.9,24.9,25.05,25.05,25.2,36.25,15.0,"81,86,149","20,63,25,257.35","7,830"
21-Mar-2023,EQ,25.2,25.2,24.6,24.6,24.8,24.9,24.85,36.25,15.0,"92,64,981","23,02,36,579.45","8,868"
20-Mar-2023,EQ,25.15,25.2,23.8,25.15,25.0,24.6,24.32,36.25,15.0,"1,60,93,752","39,14,58,713.20","16,871"
17-Mar-2023,EQ,25.5,25.75,24.85,25.2,25.25,25.15,25.17,36.25,15.0,"80,85,754","20,34,83,677.50","8,805"
16-Mar-2023,EQ,24.7,25.35,24.0,24.85,25.25,25.2,24.66,36.25,15.0,"1,29,35,251","31,90,29,930.85","12,459"
15-Mar-2023,EQ,25.3,25.7,24.6,24.8,24.65,24.85,25.06,36.25,15.0,"97,72,976","24,49,27,764.10","9,265"
14-Mar-2023,EQ,25.8,25.8,24.65,25.55,25.0,24.8,25.03,36.25,15.0,"1,53,89,045","38,51,65,526.20","21,191"
13-Mar-2023,EQ,26.5,26.9,25.4,26.8,25.5,25.55,26.16,36.25,15.0,"1,11,98,313","29,29,00,563.45","13,010"
10-Mar-2023,EQ,26.85,26.95,26.35,27.1,26.9,26.8,26.66,36.25,15.0,"92,42,571","24,63,75,141.60","10,376"
09-Mar-2023,EQ,27.75,27.8,27.0,27.55,27.05,27.1,27.37,36.25,15.0,"88,44,269","24,20,48,864.45","9,315"
08-Mar-2023,EQ,27.5,27.7,26.9,27.5,27.7,27.55,27.25,36.25,15.0,"96,16,879","26,20,59,293.50","9,494"
06-Mar-2023,EQ,28.2,28.6,27.35,27.7,27.6,27.5,27.83,36.25,15.0,"2,07,19,537","57,66,33,152.50","22,332"
03-Mar-2023,EQ,26.25,27.85,26.25,26.0,27.75,27.7,27.34,36.25,15.0,"2,65,75,498","72,66,54,030.95","24,852"
02-Mar-2023,EQ,26.5,26.85,25.9,26.5,26.1,26.0,26.35,36.25,15.0,"1,16,61,692","30,73,13,835.35","12,871"
01-Mar-2023,EQ,25.7,26.65,25.45,25.5,26.55,26.5,26.13,36.25,15.0,"1,36,25,065","35,60,06,303.25","12,971"
28-Feb-2023,EQ,25.25,25.65,24.95,25.1,25.6,25.5,25.26,36.25,15.0,"1,21,02,585","30,57,48,449.15","12,205"
27-Feb-2023,EQ,25.0,25.5,24.85,25.15,25.0,25.1,25.11,36.25,15.0,"1,35,05,092","33,91,76,170.95","13,666"
24-Feb-2023,EQ,25.85,26.25,25.0,25.65,25.2,25.15,25.53,36.25,15.0,"1,00,69,220","25,70,83,349.80","11,810"
23-Feb-2023,EQ,25.3,25.9,25.0,25.6,25.85,25.65,25.51,36.25,15.0,"1,60,44,113","40,92,16,886.95","14,404"
22-Feb-2023,EQ,25.8,26.6,25.45,26.1,25.55,25.6,25.9,36.25,15.0,"1,28,29,796","33,22,75,538.30","13,019"
21-Feb-2023,EQ,26.35,26.4,25.85,26.35,26.1,26.1,26.09,36.25,15.0,"84,53,014","22,05,54,008.70","8,918"
20-Feb-2023,EQ,27.1,27.25,26.2,26.9,26.35,26.35,26.6,36.25,15.0,"93,08,989","24,75,91,804.25","13,417"
17-Feb-2023,EQ,26.95,27.0,26.6,27.1,26.9,26.9,26.82,36.25,15.0,"58,60,958","15,72,02,262.25","7,979"
16-Feb-2023,EQ,27.45,27.55,27.0,27.25,27.15,27.1,27.21,36.25,15.0,"55,07,044","14,98,66,938.30","7,942"
15-Feb-2023,EQ,27.0,27.55,26.9,27.1,27.25,27.25,27.24,36.25,15.0,"80,80,383","22,00,92,494.25","9,218"
14-Feb-2023,EQ,27.45,27.55,26.55,27.3,27.15,27.1,26.96,36.25,15.0,"99,71,208","26,88,13,662.20","12,950"
13-Feb-2023,EQ,28.2,28.2,27.1,28.2,27.3,27.3,27.6,36.25,15.0,"1,09,06,124","30,10,53,447.60","14,152"
10-Feb-2023,EQ,27.7,29.15,27.55,27.8,28.2,28.2,28.44,36.25,15.0,"1,98,84,763","56,54,35,996.60","18,231"
09-Feb-2023,EQ,28.15,28.15,27.65,28.05,27.75,27.8,27.84,36.25,15.0,"82,41,479","22,94,26,805.50","10,034"
08-Feb-2023,EQ,28.25,28.45,27.85,28.15,28.0,28.05,28.13,36.25,15.0,"1,27,85,373","35,96,22,347.90","15,266"
07-Feb-2023,EQ,28.6,28.8,27.95,28.6,28.1,28.15,28.32,36.25,15.0,"1,06,52,575","30,16,55,047.25","13,032"
06-Feb-2023,EQ,28.85,29.25,28.5,28.8,28.65,28.6,28.81,36.25,15.0,"1,41,49,681","40,76,51,460.50","14,019"
03-Feb-2023,EQ,29.2,29.45,27.4,28.85,28.8,28.8,28.28,36.25,15.0,"2,49,53,916","70,57,83,758.80","22,960"
02-Feb-2023,EQ,28.65,29.6,28.3,28.7,28.9,28.85,28.93,36.25,15.0,"1,59,21,047","46,05,78,301.15","17,336"
01-Feb-2023,EQ,30.9,31.05,27.9,30.4,28.85,28.7,29.74,36.25,15.0,"2,91,31,196","86,63,00,955.10","28,489"
31-Jan-2023,EQ,29.2,30.85,28.7,28.85,30.7,30.4,29.81,36.25,15.0,"2,72,04,629","81,09,23,141.30","25,564"
30-Jan-2023,EQ,27.8,29.25,27.0,27.75,29.15,28.85,28.27,36.25,15.0,"3,29,01,161","93,00,43,739.30","31,759"
27-Jan-2023,EQ,29.55,29.7,27.0,29.45,27.9,27.75,28.1,36.25,15.0,"3,50,75,461","98,56,64,375.50","32,230"
25-Jan-2023,EQ,29.6,30.1,29.1,29.65,29.55,29.45,29.43,36.25,15.0,"2,42,51,563","71,36,41,458.50","21,059"
24-Jan-2023,EQ,31.0,31.15,29.3,30.9,29.3,29.65,30.13,36.25,15.0,"1,71,11,252","51,55,64,685.55","19,991"
23-Jan-2023,EQ,31.45,31.7,30.65,31.3,30.65,30.9,31.12,36.25,15.0,"1,67,37,091","52,07,84,901.20","15,519"
20-Jan-2023,EQ,31.8,31.9,31.0,31.6,31.35,31.3,31.36,36.25,15.0,"2,21,27,069","69,38,63,401.40","17,652"
19-Jan-2023,EQ,32.0,32.0,31.5,32.0,31.6,31.6,31.7,36.25,15.0,"1,98,18,654","62,82,17,244.90","16,244"
18-Jan-2023,EQ,32.45,32.45,31.8,32.0,31.95,32.0,32.04,36.25,15.0,"2,50,81,019","80,35,29,554.40","21,998"
17-Jan-2023,EQ,33.4,34.1,31.7,33.05,32.45,32.0,32.85,36.25,15.0,"6,84,32,478","2,24,77,13,842.75","56,124"
16-Jan-2023,EQ,31.95,34.45,31.9,31.7,33.2,33.05,33.27,36.25,15.0,"12,19,92,374","4,05,90,61,527.35","92,057"
13-Jan-2023,EQ,31.3,32.15,30.9,31.3,31.65,31.7,31.71,36.25,15.0,"3,76,11,941","1,19,27,56,382.15","28,063"
12-Jan-2023,EQ,30.8,31.55,30.3,30.7,31.25,31.3,30.95,36.25,15.0,"4,10,64,537","1,27,07,53,905.90","31,327"
11-Jan-2023,EQ,29.95,31.1,29.0,29.7,30.95,30.7,30.02,36.25,15.0,"3,60,96,926","1,08,34,62,040.40","26,921"
10-Jan-2023,EQ,30.9,30.95,29.4,31.05,29.95,29.7,29.82,36.25,15.0,"2,54,34,732","75,85,25,227.65","23,496"
09-Jan-2023,EQ,31.2,31.3,30.8,30.7,31.0,31.05,31.04,36.25,15.0,"1,90,65,051","59,18,08,103.90","16,114"
06-Jan-2023,EQ,31.5,31.5,30.3,31.1,30.65,30.7,30.69,36.25,15.0,"2,59,38,883","79,59,45,525.60","21,879"
05-Jan-2023,EQ,31.75,31.9,30.55,31.45,31.3,31.1,31.13,36.25,15.0,"3,58,41,006","1,11,57,72,248.45","27,595"
04-Jan-2023,EQ,32.5,33.1,31.2,32.05,31.3,31.45,32.07,36.25,15.0,"6,04,00,249","1,93,70,20,412.05","45,904"
03-Jan-2023,EQ,30.8,32.35,30.7,30.55,32.35,32.05,31.64,36.25,15.0,"5,48,78,562","1,73,61,68,681.95","45,966"
02-Jan-2023,EQ,30.85,31.1,30.3,30.6,30.7,30.55,30.69,36.25,15.0,"2,29,13,370","70,31,09,899.10","23,993"
31-Dec-2024,EQ,51.1,52.35,50.91,51.1,52.08,52.19,51.56,73.5,45.1,"78,36,741","40,40,38,003.25","33,915"
30-Dec-2024,EQ,52.65,52.95,50.72,52.72,51.3,51.1,51.74,73.5,45.1,"1,02,51,963","53,04,70,063.31","49,960"
27-Dec-2024,EQ,53.38,53.51,52.56,52.9,52.68,52.72,52.99,73.5,44.75,"43,49,740","23,04,92,661.87","18,701"
26-Dec-2024,EQ,53.8,54.3,52.75,53.65,53.0,52.9,53.43,73.5,44.75,"57,39,971","30,66,92,655.85","25,521"
24-Dec-2024,EQ,54.14,54.33,53.2,54.13,53.6,53.65,53.88,73.5,44.75,"51,38,848","27,68,88,073.19","20,322"
23-Dec-2024,EQ,55.0,55.25,53.94,54.74,54.1,54.13,54.38,73.5,44.75,"88,83,284","48,31,06,372.71","51,635"
20-Dec-2024,EQ,53.3,55.78,52.76,53.08,54.85,54.74,54.42,73.5,43.05,"4,35,32,217","2,36,88,38,949.70","94,658"
19-Dec-2024,EQ,52.3,53.6,52.24,53.34,53.1,53.08,52.98,73.5,43.05,"81,44,420","43,15,19,457.91","30,583"
18-Dec-2024,EQ,55.19,55.24,53.01,54.99,53.51,53.34,53.88,73.5,43.05,"1,34,21,530","72,32,01,836.32","42,082"
17-Dec-2024,EQ,56.1,56.25,54.7,56.25,55.09,54.99,55.45,73.5,43.05,"1,03,88,803","57,60,31,423.42","34,286"
16-Dec-2024,EQ,55.65,56.58,55.65,55.58,56.17,56.25,56.15,73.5,43.05,"92,39,787","51,88,36,645.19","30,523"
13-Dec-2024,EQ,55.64,55.9,54.18,55.87,55.69,55.58,55.03,73.5,43.05,"1,40,20,467","77,14,96,205.23","38,319"
12-Dec-2024,EQ,56.3,56.49,55.57,56.42,55.76,55.87,55.93,73.5,43.05,"87,23,929","48,79,27,994.21","25,835"
11-Dec-2024,EQ,57.08,57.49,56.3,56.82,56.34,56.42,56.83,73.5,43.05,"95,17,140","54,08,87,224.19","27,293"
10-Dec-2024,EQ,57.5,57.86,56.7,57.29,56.82,56.82,57.1,73.5,43.05,"1,43,55,748","81,96,99,925.90","34,857"
09-Dec-2024,EQ,58.14,58.56,57.11,57.84,57.3,57.29,57.79,73.5,43.05,"1,31,19,585","75,81,34,529.60","36,122"
06-Dec-2024,EQ,58.6,59.39,57.13,58.33,57.9,57.84,58.29,73.5,43.05,"3,29,40,267","1,92,01,73,567.28","73,289"
05-Dec-2024,EQ,59.3,59.85,58.02,58.92,58.29,58.33,58.66,73.5,43.05,"2,36,90,409","1,38,96,18,404.76","62,070"
04-Dec-2024,EQ,57.3,59.25,57.07,57.07,59.15,58.92,58.41,73.5,43.05,"6,11,81,150","3,57,36,26,641.69","1,03,648"
03-Dec-2024,EQ,56.87,57.82,56.72,56.96,57.0,57.07,57.32,73.5,43.05,"1,93,44,978","1,10,88,41,587.42","43,523"
02-Dec-2024,EQ,56.58,57.25,55.77,57.03,56.89,56.96,56.59,73.5,43.05,"1,00,57,982","56,91,39,300.34","29,919"
29-Nov-2024,EQ,57.0,57.55,55.69,56.8,56.6,57.03,56.76,73.5,42.85,"1,73,67,005","98,56,94,160.35","40,899"
28-Nov-2024,EQ,55.87,57.3,55.55,55.82,56.69,56.8,56.58,73.5,42.85,"2,26,49,849","1,28,14,64,371.08","56,048"
27-Nov-2024,EQ,56.0,56.45,55.01,55.17,55.67,55.82,55.79,73.5,42.85,"1,37,65,433","76,80,19,413.48","41,505"
26-Nov-2024,EQ,54.51,55.5,54.2,54.28,55.48,55.17,54.92,73.5,42.85,"1,05,18,735","57,77,03,298.27","31,945"
25-Nov-2024,EQ,55.0,55.65,54.05,52.94,54.48,54.28,54.89,73.5,42.85,"2,50,58,345","1,37,55,67,322.42","62,363"
22-Nov-2024,EQ,51.5,53.1,51.4,51.26,52.99,52.94,52.62,73.5,42.85,"1,15,65,764","60,85,44,751.79","36,319"
21-Nov-2024,EQ,52.25,52.39,50.45,52.43,51.29,51.26,51.29,73.5,42.85,"1,10,31,390","56,57,64,670.19","46,894"
19-Nov-2024,EQ,51.79,53.25,51.74,51.79,52.27,52.43,52.65,73.5,42.85,"1,11,49,270","58,70,48,173.30","37,095"
18-Nov-2024,EQ,50.5,52.99,49.61,50.5,51.66,51.79,51.4,73.5,42.85,"1,63,10,997","83,84,52,539.17","54,445"
14-Nov-2024,EQ,50.2,51.27,50.2,50.17,50.5,50.5,50.75,73.5,42.85,"1,01,99,910","51,76,16,496.18","30,443"
13-Nov-2024,EQ,51.5,52.5,50.0,52.51,50.38,50.17,51.0,73.5,42.85,"1,07,61,224","54,88,26,763.03","44,337"
12-Nov-2024,EQ,53.35,54.21,52.0,53.35,52.37,52.51,53.27,73.5,42.85,"75,87,064","40,41,96,638.61","28,560"
11-Nov-2024,EQ,53.65,54.4,53.11,54.03,53.29,53.35,53.71,73.5,42.85,"87,28,230","46,88,32,550.45","31,202"
08-Nov-2024,EQ,55.25,55.4,53.45,55.28,53.9,54.03,54.49,73.5,42.75,"94,15,141","51,30,76,637.09","32,148"
07-Nov-2024,EQ,56.3,57.1,55.01,55.91,55.15,55.28,55.98,73.5,42.75,"1,49,40,724","83,64,13,284.10","39,932"
06-Nov-2024,EQ,55.8,56.4,55.27,55.65,55.95,55.91,55.8,73.5,42.75,"1,72,51,248","96,26,23,765.48","43,645"
05-Nov-2024,EQ,53.95,55.95,53.48,54.4,55.43,55.65,54.84,73.5,42.75,"1,95,09,226","1,06,99,50,080.64","50,261"
04-Nov-2024,EQ,55.52,55.52,53.0,55.43,54.03,54.4,54.21,73.5,42.75,"1,76,49,130","95,67,21,199.70","48,925"
01-Nov-2024,EQ,55.25,55.75,55.0,54.9,55.5,55.43,55.48,73.5,41.2,"40,86,792","22,67,27,925.24","22,887"
31-Oct-2024,EQ,55.34,55.84,54.08,55.34,54.6,54.9,54.89,73.5,41.2,"1,87,58,444","1,02,97,39,946.03","55,380"
30-Oct-2024,EQ,51.96,56.9,51.7,52.02,55.74,55.34,54.42,73.5,41.2,"3,89,94,310","2,12,22,17,218.90","99,125"
29-Oct-2024,EQ,49.81,52.25,49.65,49.81,52.18,52.02,51.01,73.5,41.2,"1,62,34,868","82,81,64,496.65","43,313"
28-Oct-2024,EQ,49.02,50.52,48.76,49.02,49.85,49.81,49.7,73.5,41.2,"2,08,26,697","1,03,51,74,284.13","58,802"
25-Oct-2024,EQ,50.25,50.48,47.8,50.0,49.2,49.02,48.78,73.5,38.65,"1,75,06,896","85,39,63,308.84","70,583"
24-Oct-2024,EQ,50.65,51.26,49.8,50.46,50.04,50.0,50.35,73.5,38.65,"1,13,86,093","57,32,72,853.34","36,980"
23-Oct-2024,EQ,49.39,50.93,47.37,49.07,50.54,50.46,49.84,73.5,38.65,"1,83,41,975","91,41,72,567.59","63,807"
22-Oct-2024,EQ,52.1,52.58,48.7,52.19,49.43,49.07,50.13,73.5,38.65,"2,02,45,376","1,01,49,65,938.25","80,635"
21-Oct-2024,EQ,54.6,54.79,51.88,54.3,52.19,52.19,53.19,73.5,38.65,"1,00,78,192","53,61,03,687.65","39,298"
18-Oct-2024,EQ,53.8,55.0,52.45,53.98,54.18,54.3,53.49,73.5,38.65,"1,46,72,462","78,47,73,529.91","46,834"
17-Oct-2024,EQ,54.85,54.99,53.9,54.56,54.07,53.98,54.18,73.5,38.65,"88,00,933","47,68,43,298.85","45,146"
16-Oct-2024,EQ,54.98,55.7,54.27,54.32,54.79,54.56,54.82,73.5,38.65,"2,23,33,654","1,22,42,94,451.34","76,689"
15-Oct-2024,EQ,54.6,55.1,53.51,54.2,54.32,54.32,54.31,73.5,38.65,"3,04,28,543","1,65,25,24,599.40","99,039"
14-Oct-2024,EQ,54.35,54.95,53.8,54.24,54.19,54.2,54.31,73.5,38.65,"98,22,253","53,34,49,032.98","28,822"
11-Oct-2024,EQ,54.2,54.63,53.8,54.16,54.3,54.24,54.22,73.5,38.65,"78,82,394","42,73,45,678.58","28,377"
10-Oct-2024,EQ,55.0,55.57,54.0,54.66,54.27,54.16,54.79,73.5,38.65,"1,35,69,778","74,34,42,694.79","40,341"
09-Oct-2024,EQ,56.75,56.98,54.3,57.04,54.9,54.66,55.48,73.5,38.65,"3,99,71,975","2,21,77,07,631.12","1,39,293"
08-Oct-2024,EQ,56.25,57.25,55.31,55.84,57.17,57.04,56.23,73.5,38.65,"1,09,74,855","61,71,21,631.36","44,642"
07-Oct-2024,EQ,58.51,58.87,55.6,57.65,56.25,55.84,56.7,73.5,38.65,"1,16,22,901","65,89,66,433.46","55,110"
04-Oct-2024,EQ,58.21,58.85,57.41,58.45,57.7,57.65,58.1,73.5,38.65,"1,07,44,051","62,42,25,052.55","41,174"
03-Oct-2024,EQ,59.0,59.3,58.07,59.88,58.5,58.45,58.68,73.5,38.65,"87,13,928","51,13,14,815.73","39,095"
01-Oct-2024,EQ,59.99,60.61,59.35,60.29,59.7,59.88,59.99,73.5,38.65,"1,19,55,842","71,72,34,998.15","36,581"
30-Sep-2024,EQ,60.0,61.08,59.3,59.83,60.33,60.29,60.22,73.5,38.65,"1,08,41,817","65,28,58,246.01","38,584"
27-Sep-2024,EQ,60.3,60.7,59.7,60.04,59.9,59.83,60.09,73.5,38.65,"92,88,927","55,81,72,216.22","37,772"
26-Sep-2024,EQ,60.01,61.17,59.3,60.18,60.24,60.04,60.13,73.5,38.65,"1,19,83,212","72,05,91,397.69","42,119"
25-Sep-2024,EQ,61.46,61.46,60.01,61.46,60.19,60.18,60.47,73.5,38.65,"72,84,030","44,04,74,971.89","26,310"
24-Sep-2024,EQ,63.12,63.12,61.3,63.12,61.54,61.46,61.87,73.5,38.65,"1,71,47,492","1,06,09,05,781.47","50,965"
23-Sep-2024,EQ,59.0,63.45,58.83,58.42,63.2,63.12,62.01,73.5,38.65,"4,46,36,814","2,76,77,94,649.12","1,10,351"
20-Sep-2024,EQ,58.4,59.15,57.9,57.9,59.0,58.42,58.51,73.5,38.65,"1,85,59,284","1,08,58,32,886.33","39,565"
19-Sep-2024,EQ,60.0,60.48,57.4,59.06,58.34,57.9,58.34,73.5,38.65,"84,83,834","49,49,78,399.25","44,497"
18-Sep-2024,EQ,59.8,60.0,58.95,59.81,59.25,59.06,59.55,73.5,38.65,"48,95,890","29,15,71,913.72","27,610"
17-Sep-2024,EQ,60.8,60.85,59.6,60.64,59.78,59.81,60.09,73.5,38.65,"45,41,633","27,29,12,545.98","26,120"
16-Sep-2024,EQ,61.11,61.96,60.4,61.02,60.66,60.64,61.1,73.5,38.65,"74,44,299","45,48,19,295.56","36,208"
13-Sep-2024,EQ,59.1,61.33,58.84,58.72,61.15,61.02,60.45,73.5,38.65,"1,23,54,134","74,67,63,029.12","45,869"
12-Sep-2024,EQ,58.9,59.36,58.5,58.54,58.8,58.72,58.79,73.5,38.65,"50,70,395","29,81,03,294.18","31,980"
11-Sep-2024,EQ,59.7,59.98,58.4,59.73,58.64,58.54,59.2,73.5,38.65,"58,91,517","34,88,01,884.62","38,283"
10-Sep-2024,EQ,59.25,60.1,59.25,59.09,59.78,59.73,59.73,73.5,38.65,"45,50,580","27,18,08,270.08","30,999"
09-Sep-2024,EQ,60.2,60.42,58.81,60.2,59.29,59.09,59.28,73.5,38.65,"64,81,975","38,42,33,024.20","34,041"
06-Sep-2024,EQ,61.13,61.42,60.01,61.2,60.29,60.2,60.41,73.5,38.5,"66,35,683","40,08,49,788.59","32,593"
05-Sep-2024,EQ,62.5,62.5,61.0,61.54,61.1,61.2,61.6,73.5,38.5,"46,11,147","28,40,64,802.63","23,723"
04-Sep-2024,EQ,60.25,61.8,60.2,61.86,61.59,61.54,61.5,73.5,38.5,"49,48,186","30,43,28,536.64","29,810"
03-Sep-2024,EQ,62.23,62.35,61.8,61.98,61.85,61.86,61.97,73.5,38.5,"36,24,567","22,46,27,789.16","19,625"
02-Sep-2024,EQ,62.6,62.79,61.75,62.57,61.95,61.98,62.08,73.5,38.5,"52,66,227","32,69,45,647.73","27,653"
30-Aug-2024,EQ,62.11,63.3,62.11,62.55,62.54,62.57,62.91,73.5,37.75,"80,64,018","50,73,31,118.42","29,329"
29-Aug-2024,EQ,62.84,62.92,62.11,62.84,62.63,62.55,62.5,73.5,37.75,"62,67,804","39,17,16,174.55","22,700"
28-Aug-2024,EQ,63.45,63.62,62.49,63.07,62.99,62.84,63.17,73.5,37.75,"1,13,97,984","72,00,19,111.81","36,450"
27-Aug-2024,EQ,61.8,63.3,61.76,61.76,63.3,63.07,62.54,73.5,37.75,"91,03,447","56,93,41,230.96","34,090"
26-Aug-2024,EQ,63.0,63.3,61.61,62.31,61.94,61.76,62.31,73.5,37.75,"83,53,129","52,04,82,459.84","36,596"
23-Aug-2024,EQ,62.85,62.98,62.01,62.79,62.38,62.31,62.57,73.5,37.75,"51,32,281","32,11,12,851.00","24,402"
22-Aug-2024,EQ,63.11,63.85,62.5,63.05,62.65,62.79,63.27,73.5,37.75,"83,28,491","52,69,31,145.33","26,847"
21-Aug-2024,EQ,63.64,63.64,62.73,63.15,63.1,63.05,63.17,73.5,37.75,"78,49,929","49,58,71,014.90","31,322"
20-Aug-2024,EQ,62.99,63.55,62.35,62.5,63.25,63.15,62.84,73.5,37.75,"74,42,078","46,76,39,554.69","31,228"
19-Aug-2024,EQ,61.3,62.75,61.3,61.17,62.58,62.5,62.25,73.5,37.75,"92,14,854","57,35,99,894.50","33,979"
16-Aug-2024,EQ,61.25,61.46,60.81,60.55,61.25,61.17,61.09,73.5,36.2,"58,20,935","35,55,93,648.69","26,857"
14-Aug-2024,EQ,60.35,61.08,59.71,60.13,60.64,60.55,60.53,73.5,36.2,"1,12,14,815","67,88,56,653.45","39,390"
13-Aug-2024,EQ,61.15,61.65,60.0,61.12,60.6,60.13,60.87,73.5,36.2,"1,02,13,321","62,16,34,068.82","44,798"
12-Aug-2024,EQ,61.9,61.9,61.0,61.92,61.19,61.12,61.33,73.5,36.2,"96,97,154","59,47,58,092.36","37,146"
09-Aug-2024,EQ,62.85,62.99,61.6,62.09,62.0,61.92,62.19,73.5,33.7,"1,20,44,190","74,89,79,963.15","36,209"
08-Aug-2024,EQ,62.8,63.48,61.9,62.86,62.2,62.09,62.67,73.5,33.7,"1,14,28,507","71,61,82,464.62","39,287"
07-Aug-2024,EQ,62.48,63.15,61.9,61.5,63.04,62.86,62.46,73.5,33.7,"92,05,822","57,50,06,152.23","32,416"
06-Aug-2024,EQ,63.16,64.15,61.01,62.17,61.55,61.5,62.64,73.5,33.7,"1,33,52,695","83,63,74,944.73","51,656"
05-Aug-2024,EQ,63.69,64.16,62.0,65.51,62.2,62.17,62.87,73.5,33.7,"2,11,19,418","1,32,78,33,113.16","77,154"
02-Aug-2024,EQ,64.82,66.58,64.8,66.11,65.7,65.51,65.59,73.5,32.7,"1,20,05,955","78,74,80,210.84","40,043"
01-Aug-2024,EQ,67.01,67.5,65.8,66.94,66.17,66.11,66.64,73.5,32.7,"98,27,983","65,49,51,843.74","32,916"
31-Jul-2024,EQ,67.8,67.89,66.83,67.67,66.95,66.94,67.15,73.5,32.7,"89,05,944","59,80,24,409.47","29,179"
30-Jul-2024,EQ,68.09,68.48,67.32,68.09,67.9,67.67,67.98,73.5,32.7,"1,19,18,045","81,01,67,014.85","36,934"
29-Jul-2024,EQ,68.9,70.77,68.0,67.73,68.16,68.09,69.16,73.5,32.7,"3,11,36,013","2,15,34,96,714.26","71,879"
26-Jul-2024,EQ,66.63,68.9,66.22,66.63,67.6,67.73,67.54,73.5,32.7,"2,88,77,039","1,95,03,05,015.89","64,243"
25-Jul-2024,EQ,66.5,67.59,66.05,67.19,66.55,66.63,66.81,73.5,32.7,"1,23,31,832","82,39,00,126.52","36,433"
24-Jul-2024,EQ,65.1,67.83,64.66,65.19,67.11,67.19,66.65,73.5,32.7,"2,33,73,590","1,55,78,81,271.41","63,769"
23-Jul-2024,EQ,67.05,67.24,62.93,66.57,65.39,65.19,65.29,73.5,32.7,"1,81,74,540","1,18,66,35,330.59","65,900"
22-Jul-2024,EQ,65.65,66.82,64.98,65.65,66.72,66.57,66.18,73.5,32.7,"1,58,85,190","1,05,12,65,397.56","53,861"
19-Jul-2024,EQ,67.1,67.69,65.5,67.19,65.65,65.65,66.36,73.5,30.75,"2,11,88,633","1,40,60,15,533.54","63,860"
18-Jul-2024,EQ,67.98,69.9,66.7,67.69,67.54,67.19,68.23,73.5,30.75,"4,53,68,604","3,09,56,23,093.33","1,18,054"
16-Jul-2024,EQ,69.3,70.8,67.41,68.75,67.8,67.69,68.9,73.5,30.75,"4,95,96,296","3,41,72,61,329.00","1,18,163"
15-Jul-2024,EQ,65.75,69.7,64.8,65.08,68.7,68.75,68.05,73.5,30.75,"11,61,86,128","7,90,63,60,480.88","2,14,824"
12-Jul-2024,EQ,63.67,65.97,63.52,63.44,65.2,65.08,65.02,73.5,29.85,"2,18,07,937","1,41,79,89,648.95","65,040"
11-Jul-2024,EQ,63.9,64.4,63.15,63.73,63.49,63.44,63.67,73.5,29.85,"1,00,91,064","64,24,99,234.17","34,289"
10-Jul-2024,EQ,65.0,65.38,63.05,64.78,63.67,63.73,63.88,73.5,29.85,"1,35,62,473","86,64,28,979.31","43,431"
09-Jul-2024,EQ,63.22,66.85,63.05,63.2,64.94,64.78,65.43,73.5,29.85,"3,57,07,519","2,33,63,79,330.51","87,344"
08-Jul-2024,EQ,63.81,64.0,63.05,63.77,63.28,63.2,63.41,73.5,29.85,"87,02,792","55,18,19,504.48","37,913"
05-Jul-2024,EQ,63.57,64.2,63.4,63.58,63.94,63.77,63.81,73.5,29.1,"1,04,93,789","66,95,65,349.30","33,002"
04-Jul-2024,EQ,64.09,64.23,63.5,63.84,63.6,63.58,63.82,73.5,29.1,"1,12,44,425","71,76,27,523.51","36,073"
03-Jul-2024,EQ,63.99,64.24,63.75,63.61,63.79,63.84,63.96,73.5,29.1,"63,99,450","40,92,90,336.73","27,867"
02-Jul-2024,EQ,64.32,64.65,63.26,64.32,63.5,63.61,64.0,73.5,29.1,"81,14,496","51,93,47,458.85","32,181"
01-Jul-2024,EQ,64.9,65.28,64.2,64.81,64.34,64.32,64.53,73.5,29.1,"1,11,39,582","71,88,18,144.60","52,892"
28-Jun-2024,EQ,64.99,66.4,64.51,65.08,64.74,64.81,65.38,73.5,26.8,"1,49,91,521","98,01,40,961.47","47,784"
27-Jun-2024,EQ,64.6,65.3,63.82,64.66,65.09,65.08,64.59,73.5,26.8,"1,16,07,142","74,97,35,281.25","48,952"
26-Jun-2024,EQ,65.1,65.81,64.45,64.98,64.69,64.66,65.11,73.5,26.8,"1,44,30,493","93,95,76,346.34","39,854"
25-Jun-2024,EQ,66.18,66.3,64.7,66.01,64.75,64.98,65.42,73.5,26.8,"1,05,27,277","68,87,45,268.20","38,166"
24-Jun-2024,EQ,65.0,66.2,64.5,65.17,66.05,66.01,65.64,73.5,26.8,"1,71,37,251","1,12,49,70,872.79","43,000"
21-Jun-2024,EQ,66.3,66.6,64.7,66.28,65.25,65.17,65.36,73.5,26.8,"1,77,38,446","1,15,94,39,911.33","47,833"
20-Jun-2024,EQ,65.89,67.4,65.69,65.45,66.29,66.28,66.79,73.5,26.8,"2,46,38,106","1,64,54,63,840.14","57,645"
19-Jun-2024,EQ,65.75,67.45,64.25,65.63,65.5,65.45,65.84,73.5,26.8,"2,32,20,507","1,52,87,75,657.93","57,475"
18-Jun-2024,EQ,66.7,66.7,65.54,66.33,65.68,65.63,65.95,73.5,26.8,"1,39,88,696","92,26,11,453.85","44,646"
14-Jun-2024,EQ,66.8,67.2,66.15,66.68,66.3,66.33,66.58,73.5,26.8,"1,25,15,577","83,33,37,923.13","36,712"
13-Jun-2024,EQ,67.9,68.1,66.38,67.27,66.7,66.68,67.11,73.5,26.8,"1,25,42,601","84,16,83,809.83","34,188"
12-Jun-2024,EQ,66.8,68.38,66.41,66.39,67.42,67.27,67.54,73.5,26.8,"2,26,65,238","1,53,08,72,914.31","53,859"
11-Jun-2024,EQ,66.6,67.3,65.5,66.18,66.4,66.39,66.33,73.5,26.8,"1,55,58,375","1,03,19,90,127.73","40,391"
10-Jun-2024,EQ,66.95,67.45,66.0,66.65,66.3,66.18,66.71,73.5,26.8,"1,90,63,668","1,27,17,94,165.71","47,330"
07-Jun-2024,EQ,66.2,66.8,65.4,65.95,66.8,66.65,66.29,73.5,26.8,"1,85,95,619","1,23,27,02,723.05","34,187"
06-Jun-2024,EQ,64.35,67.2,64.2,63.65,66.15,65.95,66.22,73.5,26.8,"2,73,96,953","1,81,41,70,683.20","55,800"
05-Jun-2024,EQ,64.25,64.55,59.55,63.3,63.7,63.65,62.43,73.5,26.8,"4,56,17,914","2,84,79,11,077.60","1,03,526"
04-Jun-2024,EQ,72.0,72.0,59.0,72.5,63.9,63.3,65.41,73.5,26.8,"6,96,44,328","4,55,51,43,852.50","1,65,144"
03-Jun-2024,EQ,73.0,73.5,70.35,69.05,72.55,72.5,72.15,73.5,26.8,"7,59,21,042","5,47,80,00,888.15","1,19,842"
31-May-2024,EQ,67.65,69.75,66.5,67.25,68.8,69.05,68.19,72.55,26.8,"2,20,41,845","1,50,31,20,728.70","42,422"
30-May-2024,EQ,68.55,69.4,67.0,69.0,67.45,67.25,68.04,72.55,26.8,"2,01,58,859","1,37,16,72,754.30","48,128"
29-May-2024,EQ,68.0,69.7,67.4,68.8,69.0,69.0,68.8,72.55,26.8,"1,95,88,607","1,34,77,57,901.10","35,477"
28-May-2024,EQ,71.0,71.3,68.05,70.6,69.0,68.8,69.55,72.55,26.8,"2,97,63,447","2,06,99,07,197.15","54,581"
27-May-2024,EQ,68.6,71.5,68.45,68.15,70.8,70.6,70.4,72.55,26.8,"6,07,74,144","4,27,86,29,051.75","79,657"
24-May-2024,EQ,68.85,70.15,67.85,68.8,68.2,68.15,68.9,72.55,26.8,"2,47,76,871","1,70,72,33,324.50","44,821"
23-May-2024,EQ,67.85,70.3,67.8,67.55,68.95,68.8,69.31,72.55,26.8,"3,27,17,023","2,26,76,86,562.30","58,078"
22-May-2024,EQ,67.95,68.4,66.75,67.45,67.6,67.55,67.54,72.55,26.8,"1,82,46,222","1,23,23,53,743.90","41,195"
21-May-2024,EQ,64.9,67.9,64.35,64.45,67.5,67.45,66.78,72.55,26.8,"2,89,59,183","1,93,37,93,344.00","62,477"
18-May-2024,EQ,64.3,64.8,64.2,64.15,64.4,64.45,64.49,72.55,26.8,"23,71,837","15,29,64,462.45","6,178"
17-May-2024,EQ,64.25,64.8,63.7,64.0,64.25,64.15,64.25,72.55,26.8,"92,16,734","59,21,64,795.10","22,363"
16-May-2024,EQ,64.95,65.2,63.7,64.55,64.1,64.0,64.3,72.55,26.8,"1,16,74,254","75,06,87,813.80","26,408"
15-May-2024,EQ,64.7,65.95,64.2,64.35,64.5,64.55,65.02,72.55,26.8,"1,07,52,336","69,91,51,560.35","25,041"
14-May-2024,EQ,62.75,64.55,62.65,62.5,64.5,64.35,63.83,72.55,26.8,"1,31,44,263","83,90,21,135.45","27,703"
13-May-2024,EQ,63.05,63.3,61.4,63.9,62.55,62.5,62.21,72.55,26.8,"1,60,86,559","1,00,07,91,092.40","33,646"
10-May-2024,EQ,63.4,64.25,61.35,63.55,63.8,63.9,63.05,72.55,26.8,"1,99,18,487","1,25,58,42,828.20","39,640"
09-May-2024,EQ,66.0,66.55,63.15,65.95,63.7,63.55,64.89,72.55,26.8,"1,99,93,258","1,29,73,61,664.55","43,154"
08-May-2024,EQ,64.9,66.65,64.35,65.05,66.2,65.95,65.85,72.55,26.8,"2,10,25,273","1,38,44,38,699.80","32,751"
07-May-2024,EQ,66.85,67.5,64.55,66.8,65.1,65.05,65.92,72.55,26.8,"2,47,67,774","1,63,27,30,841.80","49,834"
06-May-2024,EQ,68.8,69.05,65.8,68.4,66.9,66.8,66.83,72.55,26.8,"2,88,03,348","1,92,49,13,387.70","50,159"
03-May-2024,EQ,70.2,70.35,67.9,69.8,68.45,68.4,68.71,72.55,26.8,"2,99,62,784","2,05,87,14,420.85","55,719"
02-May-2024,EQ,70.6,70.6,69.1,70.1,69.7,69.8,69.85,72.55,26.8,"3,03,60,298","2,12,06,65,460.65","55,865"
30-Apr-2024,EQ,71.4,72.55,69.8,71.05,70.05,70.1,71.14,72.55,26.8,"5,70,19,886","4,05,66,09,504.05","88,796"
29-Apr-2024,EQ,68.8,71.45,67.05,67.65,70.95,71.05,69.67,71.45,26.8,"10,05,89,434","7,00,78,47,682.90","1,25,140"
26-Apr-2024,EQ,65.9,69.4,65.2,65.25,67.75,67.65,67.35,69.45,26.8,"9,42,89,305","6,35,00,94,864.30","1,15,256"
25-Apr-2024,EQ,64.0,66.0,63.9,64.0,65.2,65.25,65.32,69.45,26.8,"3,94,32,553","2,57,58,38,850.00","58,310"
24-Apr-2024,EQ,64.7,64.95,63.7,64.5,64.25,64.0,64.25,69.45,26.8,"1,30,61,347","83,92,33,514.15","23,235"
23-Apr-2024,EQ,64.5,64.85,63.75,64.4,64.2,64.5,64.25,69.45,26.8,"1,79,40,319","1,15,26,36,009.50","30,676"
22-Apr-2024,EQ,62.0,64.7,62.0,61.6,64.45,64.4,63.45,69.45,26.8,"2,58,35,876","1,63,94,10,907.70","39,680"
19-Apr-2024,EQ,59.85,62.15,59.2,61.35,61.5,61.6,60.94,69.45,26.8,"1,93,40,620","1,17,85,43,266.45","32,132"
18-Apr-2024,EQ,62.6,63.45,61.0,62.25,61.75,61.35,62.33,69.45,26.8,"1,55,70,012","97,05,18,541.65","28,219"
16-Apr-2024,EQ,61.0,62.9,60.65,61.65,62.2,62.25,62.14,69.45,26.8,"1,66,04,658","1,03,17,35,308.55","27,260"
15-Apr-2024,EQ,61.4,62.65,59.35,63.6,61.75,61.65,61.3,69.45,26.8,"3,02,39,121","1,85,35,44,804.15","50,384"
12-Apr-2024,EQ,64.3,65.35,63.35,64.8,63.5,63.6,64.32,69.45,25.95,"1,88,90,222","1,21,51,09,994.45","35,250"
10-Apr-2024,EQ,64.65,65.2,63.75,64.45,64.75,64.8,64.41,69.45,25.95,"1,70,51,635","1,09,82,52,312.00","29,570"
09-Apr-2024,EQ,64.8,65.55,63.75,64.5,64.5,64.45,64.72,69.45,25.95,"1,85,61,895","1,20,13,80,472.15","30,228"
08-Apr-2024,EQ,66.05,66.25,64.05,65.7,64.65,64.5,65.03,69.45,25.95,"1,79,33,415","1,16,61,29,837.30","37,604"
05-Apr-2024,EQ,65.4,66.8,64.95,65.8,65.85,65.7,65.9,69.45,24.7,"2,91,34,927","1,91,99,07,060.60","44,662"
04-Apr-2024,EQ,67.5,67.65,65.05,66.9,66.1,65.8,66.21,69.45,24.7,"3,15,27,767","2,08,75,87,375.10","45,648"
03-Apr-2024,EQ,65.05,67.3,64.65,65.25,66.9,66.9,65.94,69.45,24.7,"4,28,88,922","2,82,80,32,631.45","60,067"
02-Apr-2024,EQ,65.5,66.55,64.8,65.15,65.3,65.25,65.65,69.45,24.7,"3,39,85,088","2,23,11,08,469.30","55,280"
01-Apr-2024,EQ,62.95,65.45,62.85,62.35,65.25,65.15,64.64,69.45,24.7,"4,95,54,730","3,20,31,30,953.75","81,064"
28-Mar-2024,EQ,59.3,63.1,59.3,59.15,62.1,62.35,61.85,69.45,22.8,"5,79,57,734","3,58,47,61,598.25","71,244"
27-Mar-2024,EQ,59.25,59.9,58.75,58.95,59.3,59.15,59.31,69.45,22.8,"1,76,37,114","1,04,60,15,107.85","30,055"
26-Mar-2024,EQ,59.85,60.3,58.55,59.85,58.9,58.95,59.13,69.45,22.8,"1,61,78,019","95,66,25,280.80","28,712"
22-Mar-2024,EQ,59.0,60.65,58.5,58.9,59.8,59.85,59.89,69.45,22.8,"1,58,30,308","94,80,52,973.45","25,231"
21-Mar-2024,EQ,59.2,60.35,58.6,58.6,58.9,58.9,59.62,69.45,22.8,"1,89,12,454","1,12,74,98,746.00","27,594"
20-Mar-2024,EQ,58.9,59.4,57.7,58.65,58.7,58.6,58.52,69.45,22.8,"1,69,82,846","99,37,55,019.20","30,448"
19-Mar-2024,EQ,58.85,59.6,58.05,58.8,58.6,58.65,58.93,69.45,22.8,"1,99,37,175","1,17,48,40,079.65","38,806"
18-Mar-2024,EQ,60.4,60.4,58.5,59.4,58.7,58.8,59.3,69.45,22.8,"1,94,51,244","1,15,34,43,718.15","42,516"
15-Mar-2024,EQ,58.0,60.0,55.55,58.3,60.0,59.4,58.32,69.45,22.8,"7,66,88,108","4,47,27,98,777.75","71,545"
14-Mar-2024,EQ,53.95,58.95,52.8,54.2,58.2,58.3,56.82,69.45,22.8,"4,61,98,087","2,62,50,16,053.75","66,003"
13-Mar-2024,EQ,58.7,59.5,53.6,58.7,54.0,54.2,55.89,69.45,22.8,"4,61,47,338","2,57,92,68,778.50","86,607"
12-Mar-2024,EQ,61.7,61.85,58.25,61.4,58.85,58.7,59.44,69.45,22.8,"3,32,39,156","1,97,57,94,370.40","63,161"
11-Mar-2024,EQ,62.25,63.45,61.05,61.9,61.25,61.4,62.4,69.45,22.8,"3,72,39,295","2,32,36,11,150.30","52,587"
07-Mar-2024,EQ,62.55,63.3,61.6,62.1,61.95,61.9,62.43,69.45,22.8,"2,43,58,835","1,52,06,56,458.70","41,503"
06-Mar-2024,EQ,63.8,64.45,61.25,63.6,62.2,62.1,62.74,69.45,22.8,"5,29,53,313","3,32,25,41,703.45","74,010"
05-Mar-2024,EQ,61.15,64.0,60.65,61.1,63.7,63.6,62.82,69.45,22.8,"7,42,36,585","4,66,32,21,404.55","98,896"
04-Mar-2024,EQ,60.45,61.5,59.7,60.45,61.2,61.1,60.64,69.45,22.8,"1,84,85,301","1,12,09,13,500.55","35,829"
02-Mar-2024,EQ,60.95,60.95,60.25,60.75,60.45,60.45,60.62,69.45,22.8,"21,20,160","12,85,15,386.75","7,430"
01-Mar-2024,EQ,60.0,61.0,59.8,59.7,60.6,60.75,60.47,69.45,22.8,"1,98,46,246","1,20,01,03,950.55","34,019"
29-Feb-2024,EQ,58.0,60.05,57.1,57.95,59.85,59.7,58.6,69.45,22.8,"3,00,21,517","1,75,92,74,689.10","43,858"
28-Feb-2024,EQ,60.1,60.5,57.25,59.9,58.0,57.95,58.56,69.45,22.8,"2,63,11,473","1,54,08,93,494.85","54,160"
27-Feb-2024,EQ,60.8,61.2,59.2,60.6,60.25,59.9,60.3,69.45,22.8,"1,97,63,129","1,19,17,12,714.85","39,807"
26-Feb-2024,EQ,61.4,61.75,60.3,61.05,60.7,60.6,60.96,69.45,22.8,"2,21,06,710","1,34,75,89,170.05","43,287"
23-Feb-2024,EQ,61.8,62.7,60.7,61.65,61.05,61.05,61.72,69.45,22.8,"2,65,24,064","1,63,70,16,490.65","45,006"
22-Feb-2024,EQ,60.75,62.0,58.65,60.4,61.75,61.65,60.42,69.45,22.8,"3,35,96,310","2,02,99,35,535.20","51,461"
21-Feb-2024,EQ,61.35,62.65,60.05,61.0,60.45,60.4,61.52,69.45,22.8,"3,58,59,264","2,20,60,13,902.30","54,934"
20-Feb-2024,EQ,62.1,62.65,60.8,61.95,61.3,61.0,61.78,69.45,22.8,"2,60,04,361","1,60,64,45,049.50","46,406"
19-Feb-2024,EQ,61.95,63.65,61.3,61.95,62.0,61.95,62.6,69.45,22.8,"4,32,19,511","2,70,56,49,482.20","60,116"
16-Feb-2024,EQ,62.85,63.5,61.4,62.25,61.7,61.95,62.61,69.45,22.8,"4,93,09,068","3,08,70,78,615.95","71,446"
15-Feb-2024,EQ,60.4,62.8,59.25,59.95,62.25,62.25,61.24,69.45,22.8,"7,36,80,678","4,51,23,90,999.25","97,283"
14-Feb-2024,EQ,56.1,60.3,55.75,58.0,59.95,59.95,58.58,69.45,22.8,"5,39,44,927","3,16,02,04,157.65","80,293"
13-Feb-2024,EQ,55.85,58.5,54.3,55.3,57.9,58.0,57.1,69.45,22.8,"6,84,14,310","3,90,63,20,494.10","1,08,734"
12-Feb-2024,EQ,62.0,62.05,54.05,61.55,55.45,55.3,57.9,69.45,22.8,"6,00,44,712","3,47,68,56,681.65","1,04,762"
09-Feb-2024,EQ,64.1,65.45,58.65,63.9,61.5,61.55,61.79,69.45,22.8,"7,41,21,067","4,57,96,63,267.10","1,17,194"
08-Feb-2024,EQ,68.8,69.45,63.45,66.9,64.05,63.9,65.78,69.45,22.8,"10,68,38,935","7,02,75,52,580.90","1,68,072"
07-Feb-2024,EQ,62.35,68.85,62.35,61.75,67.9,66.9,65.05,68.85,22.8,"16,00,93,709","10,41,40,16,907.10","1,92,026"
06-Feb-2024,EQ,60.9,64.4,60.0,60.05,61.9,61.75,62.11,64.4,22.8,"9,00,67,124","5,59,40,37,388.15","1,28,272"
05-Feb-2024,EQ,57.8,63.8,57.4,57.4,60.2,60.05,61.33,63.8,22.8,"18,46,78,185","11,32,62,87,775.10","2,08,857"
02-Feb-2024,EQ,57.2,58.9,56.5,56.45,57.3,57.4,57.57,58.9,22.8,"8,89,92,567","5,12,34,39,086.80","1,04,049"
01-Feb-2024,EQ,55.8,57.15,54.2,55.25,56.5,56.45,55.96,57.15,22.8,"7,44,25,518","4,16,50,46,935.50","84,422"
31-Jan-2024,EQ,53.95,56.1,53.5,53.75,55.2,55.25,55.01,56.1,22.8,"7,07,01,160","3,88,93,82,820.75","74,344"
30-Jan-2024,EQ,54.5,55.25,53.5,54.0,53.7,53.75,54.31,55.5,22.8,"4,41,41,860","2,39,73,99,780.15","53,935"
29-Jan-2024,EQ,53.9,55.5,53.45,53.4,54.0,54.0,54.51,55.5,22.8,"4,95,17,058","2,69,90,82,408.40","62,523"
25-Jan-2024,EQ,53.9,54.3,52.75,53.75,53.4,53.4,53.41,54.9,22.8,"3,55,29,804","1,89,77,12,070.40","52,146"
24-Jan-2024,EQ,51.35,54.0,50.15,51.1,53.7,53.75,52.78,54.9,22.8,"5,92,29,750","3,12,62,67,218.05","72,032"
23-Jan-2024,EQ,53.9,54.9,50.6,53.15,51.3,51.1,52.86,54.9,22.8,"7,67,48,898","4,05,69,44,255.55","96,295"
20-Jan-2024,EQ,51.95,53.65,51.35,51.65,52.95,53.15,52.63,53.65,22.8,"5,53,19,141","2,91,14,30,851.10","61,037"
19-Jan-2024,EQ,52.4,52.8,51.1,51.95,51.6,51.65,51.75,52.8,22.8,"5,22,45,277","2,70,37,34,239.65","62,813"
18-Jan-2024,EQ,50.0,52.65,47.9,49.85,51.95,51.95,51.03,52.65,22.8,"9,92,01,799","5,06,20,93,039.30","91,063"
17-Jan-2024,EQ,49.8,51.6,48.7,50.0,50.0,49.85,50.46,52.25,22.8,"7,22,15,253","3,64,41,68,008.35","81,816"
16-Jan-2024,EQ,50.75,52.25,49.1,50.4,49.95,50.0,50.82,52.25,22.8,"12,04,50,425","6,12,18,31,946.10","1,16,815"
15-Jan-2024,EQ,48.95,50.75,48.85,48.3,50.55,50.4,49.96,51.9,22.8,"9,39,95,725","4,69,64,20,535.40","1,10,832"
12-Jan-2024,EQ,46.2,48.65,46.1,45.95,48.3,48.3,47.94,51.9,22.8,"7,74,64,168","3,71,35,28,843.15","75,402"
11-Jan-2024,EQ,45.5,46.3,45.5,45.25,46.1,45.95,45.93,51.9,22.8,"1,65,80,260","76,16,04,483.05","22,292"
10-Jan-2024,EQ,45.9,45.95,45.2,45.9,45.35,45.25,45.41,51.9,22.8,"1,55,00,064","70,38,09,228.65","22,728"
09-Jan-2024,EQ,46.2,46.5,45.55,45.95,45.8,45.9,46.03,51.9,22.8,"1,29,06,381","59,40,56,389.85","24,035"
08-Jan-2024,EQ,46.9,46.9,45.8,46.7,46.0,45.95,46.19,51.9,22.8,"2,10,06,685","97,03,40,585.10","28,018"
05-Jan-2024,EQ,47.3,47.6,46.3,47.2,46.7,46.7,46.93,51.9,22.8,"1,86,98,418","87,75,01,798.40","28,363"
04-Jan-2024,EQ,47.55,47.75,46.95,47.3,47.2,47.2,47.27,51.9,22.8,"2,77,00,055","1,30,92,80,192.20","31,632"
03-Jan-2024,EQ,46.0,47.6,45.6,45.45,47.2,47.3,46.96,51.9,22.8,"6,30,18,012","2,95,93,30,548.95","62,773"
02-Jan-2024,EQ,45.5,46.2,45.1,45.65,45.45,45.45,45.58,51.9,22.8,"1,76,28,818","80,34,97,518.65","23,195"
01-Jan-2024,EQ,45.25,45.95,45.1,45.15,45.6,45.65,45.65,51.9,22.8,"1,29,01,280","58,89,53,912.85","22,229"
